Date,Home Team,Home Score,Away Team,Away Score
2016-08-19,Hillsboro,42,Affton,0
2016-08-19,Drexel with Miami (Amoret),22,Appleton City with Montrose,6
2016-08-19,Crest Ridge,16,Archie,13
2016-08-19,Mountain Grove,35,Aurora,21
2016-08-19,Marshfield,13,Ava,42
2016-08-19,Raymore-Peculiar,48,Belton,21
2016-08-19,Kirksville,0,Blair Oaks,35
2016-08-19,Lee's Summit,45,Blue Springs,58
2016-08-19,Cleveland NJROTC,0,Brentwood,43
2016-08-19,South Shelby,7,Brookfield,14
2016-08-19,Adrian,0,Butler,26
2016-08-19,Jefferson (Festus),26,Cabool,24
2016-08-19,Webb City,7,Carl Junction,23
2016-08-19,Fayette,6,Carrollton,26
2016-08-19,East (Kansas City),0,Center,43
2016-08-19,Sullivan,19,Central (Park Hills),39
2016-08-19,Logan-Rogersville,31,Central (Springfield),6
2016-08-19,Highland,13,Centralia,48
2016-08-19,Crystal City,19,Chaffee,39
2016-08-19,Sikeston,52,Charleston,0
2016-08-19,Marshall,7,Chillicothe,63
2016-08-19,Lutheran North,52,Clayton,0
2016-08-19,Warsaw,26,Clinton,48
2016-08-19,Louisiana,6,Clopton with Elsberry,48
2016-08-19,Concordia,12,Cole Camp,48
2016-08-19,St. James,34,Cuba,12
2016-08-19,Pierce City,14,Diamond,24
2016-08-19,South Harrison,0,East Buchanan,42
2016-08-19,Kelly,0,East Prairie,59
2016-08-19,Boonville,13,Eldon,41
2016-08-19,Ft. Zumwalt West,7,Eureka,44
2016-08-19,Warrensburg,12,Excelsior Springs,40
2016-08-19,Buffalo,7,Fair Grove,49
2016-08-19,Kearney,35,Fort Osage,14
2016-08-19,Farmington,26,Fox,20
2016-08-19,Ft. Zumwalt East,56,Francis Howell Central,48
2016-08-19,Northwest (Cedar Hill),26,Francis Howell North,54
2016-08-19,Ladue Horton Watkins,24,Ft. Zumwalt North,21
2016-08-19,Savannah,10,Grain Valley,14
2016-08-19,Helias Catholic,14,Hannibal,19
2016-08-19,Benton,7,Harrisonville,42
2016-08-19,Confluence Prep Academy Charter,34,Herculaneum,12
2016-08-19,Camdenton,39,Hillcrest,33
2016-08-19,Plattsburg,0,Holden,14
2016-08-19,Pleasant Hope,8,Hollister,56
2016-08-19,Ritenour,30,Holt,0
2016-08-19,Ash Grove,35,Houston,0
2016-08-19,Hickman,7,Jackson,42
2016-08-19,McCluer North,0,Jefferson City,38
2016-08-19,Glendale,61,Joplin,31
2016-08-19,Fredericktown,10,Kennett,57
2016-08-19,Chaminade College Prep,22,Kirkwood,14
2016-08-19,Versailles,22,Knob Noster,6
2016-08-19,Cameron,4,Lafayette County,27
2016-08-19,Cassville,0,Lamar,50
2016-08-19,Trenton,15,Lathrop,31
2016-08-19,Maryville,41,Lawson,15
2016-08-19,Park Hill,37,Lee's Summit North,19
2016-08-19,Blue Springs South,23,Lee's Summit West,35
2016-08-19,Skyline,0,Lexington,35
2016-08-19,Central (St. Joseph),28,Liberty,49
2016-08-19,Central (Cape Girardeau),20,Liberty (Mountain View),39
2016-08-19,Warrenton,6,Liberty (Wentzville),23
2016-08-19,Hogan Prep Academy Charter,46,Lincoln College Prep,14
2016-08-19,Oakville,14,Lindbergh,17
2016-08-19,Liberal with Bronaugh,21,Lockwood with Golden City,50
2016-08-19,Roosevelt,0,Lutheran South,53
2016-08-19,Central (New Madrid County),20,Malden,66
2016-08-19,Scotland County,0,Marceline,27
2016-08-19,Milan,14,Mark Twain,25
2016-08-19,Jennings,0,McCluer,18
2016-08-19,Salem,26,McDonald County,6
2016-08-19,Francis Howell,35,Mehlville,21
2016-08-19,Battle,35,Mexico,13
2016-08-19,Osceola,16,Midway,36
2016-08-19,Willow Springs,40,Miller with Everton,21
2016-08-19,Christian Brothers College,48,Miller Career Academy,0
2016-08-19,Smith-Cotton,27,Moberly,28
2016-08-19,Clark County,0,Monroe City,52
2016-08-19,Hermann,56,Montgomery County,14
2016-08-19,Branson,21,Neosho with Neosho Christian,42
2016-08-19,Seneca,41,Nevada,14
2016-08-19,Willard,13,Nixa,19
2016-08-19,Lafayette (St. Joseph),28,North Kansas City,24
2016-08-19,Gallatin,42,North Platte,6
2016-08-19,Fulton,21,Osage,28
2016-08-19,Carthage,14,Ozark,28
2016-08-19,St. Francis Borgia,54,Pacific,0
2016-08-19,Macon,19,Palmyra,7
2016-08-19,Harrisburg,28,Paris,44
2016-08-19,Winnetonka,0,Park Hill South,19
2016-08-19,Kickapoo,55,Parkview,26
2016-08-19,Parkway Central,9,Parkway North,20
2016-08-19,Parkway West,35,Parkway South,0
2016-08-19,Vianney,30,Pattonville,20
2016-08-19,Bishop LeBlond,25,Pembroke Hill,14
2016-08-19,Maysville with Winston,12,Penney,41
2016-08-19,DeSoto with Kingston,23,Perryville,15
2016-08-19,Grandview,0,Platte County,36
2016-08-19,Smithville,14,Pleasant Hill,11
2016-08-19,Orrick,30,Polo,60
2016-08-19,Riverview Gardens,8,Poplar Bluff,48
2016-08-19,Caruthersville,54,Portageville,7
2016-08-19,Owensville,28,Potosi,24
2016-08-19,Mid-Buchanan,40,Princeton with Mercer,6
2016-08-19,Hallsville,26,Putnam County,13
2016-08-19,Truman,0,Raytown,36
2016-08-19,Mt. Vernon,34,Reeds Spring,47
2016-08-19,Bolivar,18,Republic,27
2016-08-19,Lincoln,52,Rich Hill with Hume,3
2016-08-19,Oak Grove,0,Richmond,14
2016-08-19,Rock Bridge,6,Rockhurst,41
2016-08-19,Marquette,49,Rockwood Summit,6
2016-08-19,Lebanon,31,Rolla,14
2016-08-19,Raytown South,49,Ruskin,8
2016-08-19,Slater,6,Santa Fe,50
2016-08-19,Jasper,12,Sarcoxie,27
2016-08-19,Knox County,40,Schuyler County,0
2016-08-19,Grandview (Hillsboro),8,Scott City,46
2016-08-19,North County,35,Seckman,0
2016-08-19,Marionville,40,Sherwood,0
2016-08-19,Gateway,16,SLUH,50
2016-08-19,Father Tolton,15,South Callaway,38
2016-08-19,North Callaway,20,Southern Boone,48
2016-08-19,Duchesne,27,St. Charles,32
2016-08-19,Bowling Green,15,St. Clair,60
2016-08-19,John Burroughs,26,St. Dominic,27
2016-08-19,Tipton,6,St. Paul Lutheran (Concordia),30
2016-08-19,Windsor (Imperial),56,St. Pius X (Festus),33
2016-08-19,Odessa,13,St. Pius X (Kansas City),14
2016-08-19,Liberty North,13,Staley,31
2016-08-19,Dexter,6,Ste. Genevieve,35
2016-08-19,El Dorado Springs,14,Stockton,34
2016-08-19,Springfield Catholic,35,Strafford,28
2016-08-19,Hayti,26,Thayer,0
2016-08-19,Lafayette (Wildwood),32,Timberland,39
2016-08-19,Priory,0,Trinity Catholic,56
2016-08-19,Ft. Zumwalt South,21,Troy Buchanan,7
2016-08-19,Washington,28,Union,14
2016-08-19,St. Vincent,0,Valle Catholic,77
2016-08-19,Festus,29,Vashon,26
2016-08-19,Orchard Farm,35,Veritas Christian Academy,16
2016-08-19,West Plains,42,Waynesville,0
2016-08-19,Hazelwood West,6,Webster Groves,42
2016-08-19,Lone Jack,0,Wellington-Napoleon,47
2016-08-19,Salisbury,0,Westran,40
2016-08-19,Oak Park,6,William Chrisman,35
2016-08-19,Sweet Springs with Malta Bend,14,Windsor,20
2016-08-19,Wright City,24,Winfield,45
2016-08-20,Normandy Collaborative,19,Carnahan,18
2016-08-20,De Smet Jesuit,14,Hazelwood Central,26
2016-08-20,St. Charles West,20,MICDS,13
2016-08-20,California,6,Monett,34
2016-08-20,Lutheran St. Charles,66,Principia,0
2016-08-20,Cardinal Ritter,40,Soldan International Studies,19
2016-08-20,O'Hara,48,University Academy Charter,18
2016-08-20,Hazelwood East,61,University City,6
2016-08-20,Southeast,36,Van Horn,0
2016-08-20,St. Mary's South Side,47,Westminster Christian Academy,49
2016-08-25,Platte County,37,Oak Park,6
2016-08-26,Osceola,12,Appleton City with Montrose,28
2016-08-26,Stockton,12,Ash Grove,21
2016-08-26,Liberty (Mountain View),49,Aurora,7
2016-08-26,Liberty,35,Belton,14
2016-08-26,Grain Valley,7,Benton,20
2016-08-26,East Buchanan,0,Bishop LeBlond,8
2016-08-26,Lee's Summit West,20,Blue Springs,21
2016-08-26,Rockhurst,14,Blue Springs South,7
2016-08-26,Willard,48,Bolivar,42
2016-08-26,Holden,21,Boonville,6
2016-08-26,Palmyra,49,Bowling Green,0
2016-08-26,Nixa,40,Branson,28
2016-08-26,Hollister,39,Cabool,16
2016-08-26,Mexico,39,California,10
2016-08-26,Excelsior Springs,41,Cameron,6
2016-08-26,Veritas Christian Academy,18,Cardinal Ritter,27
2016-08-26,Republic,20,Carl Junction,38
2016-08-26,Webb City,21,Carthage,34
2016-08-26,Malden,28,Caruthersville,20
2016-08-26,Reeds Spring,6,Cassville,27
2016-08-26,Nevada,0,Center,28
2016-08-26,St. Charles West,7,Central (Cape Girardeau),35
2016-08-26,Portageville,45,Chaffee,27
2016-08-26,Centralia,41,Clark County,0
2016-08-26,Santa Fe,0,Crest Ridge,37
2016-08-26,Poplar Bluff,41,Dexter,8
2016-08-26,Adrian,34,Drexel with Miami (Amoret),6
2016-08-26,Trinity Catholic,51,Duchesne,0
2016-08-26,Pembroke Hill,14,El Dorado Springs,6
2016-08-26,Skyline,14,Fair Grove,50
2016-08-26,Lutheran St. Charles,14,Father Tolton,28
2016-08-26,Scotland County,16,Fayette,22
2016-08-26,Sullivan,12,Festus,16
2016-08-26,Truman,26,Fort Osage,21
2016-08-26,Clayton,20,Fox,34
2016-08-26,Eureka,33,Francis Howell,22
2016-08-26,Herculaneum,14,Fredericktown,41
2016-08-26,Francis Howell North,28,Ft. Zumwalt East,32
2016-08-26,Francis Howell Central,32,Ft. Zumwalt South,29
2016-08-26,Ft. Zumwalt North,40,Ft. Zumwalt West,33
2016-08-26,Versailles,12,Fulton,56
2016-08-26,Penney,47,Gallatin,0
2016-08-26,Brentwood,72,Grandview (Hillsboro),8
2016-08-26,Mark Twain,16,Hallsville,27
2016-08-26,Schuyler County,30,Harrisburg,20
2016-08-26,Charleston,6,Hayti,54
2016-08-26,Cuba,8,Hermann,49
2016-08-26,Webster Groves,40,Hickman,6
2016-08-26,Brookfield,28,Highland,18
2016-08-26,Glendale,53,Hillcrest,8
2016-08-26,Battle,56,Holt,0
2016-08-26,Lindbergh,19,Jackson,49
2016-08-26,Diamond,32,Jasper,6
2016-08-26,East Prairie,19,Jefferson (Festus),8
2016-08-26,Central (Springfield),6,Jefferson City,83
2016-08-26,Raytown South,21,Kearney,32
2016-08-26,Crystal City,7,Kelly,0
2016-08-26,Rolla,14,Kickapoo,42
2016-08-26,Chillicothe,42,Kirksville,7
2016-08-26,Marceline,42,Knox County,8
2016-08-26,SLUH,35,Ladue Horton Watkins,7
2016-08-26,Central (St. Joseph),12,Lafayette (St. Joseph),18
2016-08-26,Hazelwood East,6,Lafayette (Wildwood),38
2016-08-26,Lawson,35,Lafayette County,8
2016-08-26,East Newton,0,Lamar,55
2016-08-26,Waynesville,6,Lebanon,42
2016-08-26,Park Hill,13,Lee's Summit,20
2016-08-26,Pierce City,27,Liberal with Bronaugh,20
2016-08-26,Timberland,60,Liberty (Wentzville),8
2016-08-26,Raytown,0,Liberty North,20
2016-08-26,Rich Hill with Hume,0,Lockwood with Golden City,33
2016-08-26,Monett,49,Logan-Rogersville,0
2016-08-26,Knob Noster,30,Lone Jack,14
2016-08-26,South Shelby,48,Louisiana,22
2016-08-26,Monroe City,14,Macon,20
2016-08-26,Parkway North,7,Marquette,0
2016-08-26,McDonald County,6,Marshfield,28
2016-08-26,St. Pius X (Kansas City),0,Maryville,36
2016-08-26,Pattonville,40,Mehlville,14
2016-08-26,Maysville with Winston,12,Mid-Buchanan,7
2016-08-26,Archie,14,Midway,22
2016-08-26,South Callaway,39,Milan,0
2016-08-26,Carnahan,8,Miller Career Academy,40
2016-08-26,Strafford,6,Mountain Grove,44
2016-08-26,Springfield Catholic,17,Mt. Vernon,24
2016-08-26,Ozark,20,Neosho with Neosho Christian,25
2016-08-26,Farmington,36,North County,16
2016-08-26,Staley,34,North Kansas City,0
2016-08-26,Princeton with Mercer,12,North Platte,46
2016-08-26,Riverview Gardens,32,Northwest (Cedar Hill),34
2016-08-26,Blair Oaks,28,Oak Grove,20
2016-08-26,Hillsboro,42,Oakville,34
2016-08-26,Clinton,12,Odessa,27
2016-08-26,Hogan Prep Academy Charter,14,O'Hara,6
2016-08-26,Lutheran North,22,Orchard Farm,16
2016-08-26,Concordia,12,Orrick,50
2016-08-26,Eldon,27,Owensville,48
2016-08-26,Grandview,8,Park Hill South,27
2016-08-26,Joplin,41,Parkview,20
2016-08-26,Parkway South,16,Parkway Central,34
2016-08-26,Rockwood Summit,20,Parkway West,14
2016-08-26,Lincoln College Prep,18,Plattsburg,27
2016-08-26,Moberly,14,Pleasant Hill,29
2016-08-26,Buffalo,56,Pleasant Hope,12
2016-08-26,Lee's Summit North,7,Raymore-Peculiar,30
2016-08-26,McCluer,7,Ritenour,40
2016-08-26,De Smet Jesuit,32,Rock Bridge,27
2016-08-26,Sumner,6,Salem,37
2016-08-26,Paris,14,Salisbury,23
2016-08-26,Harrisonville,22,Savannah,0
2016-08-26,Affton,23,Seckman,7
2016-08-26,Osage,35,Seneca,19
2016-08-26,Butler,41,Sherwood,8
2016-08-26,Kennett,12,Sikeston,22
2016-08-26,Polo,69,Slater,26
2016-08-26,Marshall,0,Smith-Cotton,38
2016-08-26,Winnetonka,14,Smithville,42
2016-08-26,Lathrop,43,South Harrison,6
2016-08-26,Potosi,35,St. Clair,7
2016-08-26,Union,22,St. Francis Borgia,14
2016-08-26,Houston,0,St. James,42
2016-08-26,Priory,14,St. Mary's South Side,23
2016-08-26,Perryville,45,St. Pius X (Festus),0
2016-08-26,Scott City,26,St. Vincent,14
2016-08-26,University Academy Charter,6,Summit Christian Academy,54
2016-08-26,St. Paul Lutheran (Concordia),28,Sweet Springs with Malta Bend,6
2016-08-26,North Callaway,42,Tipton,8
2016-08-26,Lexington,38,Trenton,0
2016-08-26,Ste. Genevieve,22,Valle Catholic,49
2016-08-26,Kirkwood,36,Vianney,14
2016-08-26,Van Horn,6,Warrensburg,36
2016-08-26,Troy Buchanan,35,Warrenton,21
2016-08-26,Cole Camp,34,Warsaw,16
2016-08-26,Pacific,8,Washington,52
2016-08-26,Camdenton,54,West Plains,41
2016-08-26,Wellington-Napoleon,36,West Platte,7
2016-08-26,Carrollton,12,Westran,13
2016-08-26,Ruskin,0,William Chrisman,48
2016-08-26,Marionville,0,Willow Springs,22
2016-08-26,Miller with Everton,55,Windsor,20
2016-08-26,St. Charles,45,Windsor (Imperial),26
2016-08-26,Southern Boone,35,Wright City,6
2016-08-27,Thayer,54,Central (New Madrid County),20
2016-08-27,Vashon,50,Cleveland NJROTC,24
2016-08-27,Central (Kansas City),46,East (Kansas City),27
2016-08-27,University City,6,Hazelwood West,41
2016-08-27,Southeast,6,Helias Catholic,56
2016-08-27,Transportation and Law,0,Jennings,60
2016-08-27,McCluer North,13,McCluer South-Berkeley,32
2016-08-27,Central (Park Hills),14,MICDS,10
2016-08-27,Gateway,12,Normandy Collaborative,33
2016-08-27,Lift for Life Academy Charter,24,Principia,6
2016-08-27,Confluence Prep Academy Charter,48,Roosevelt,0
2016-08-27,Lutheran South,44,Soldan International Studies,40
2016-08-27,St. Dominic,19,Westminster Christian Academy,11
2016-08-27,Montgomery County,46,Winfield,70
2016-09-01,Windsor,12,Tipton,26
2016-09-02,Midway,22,Adrian,0
2016-09-02,Parkway West,41,Affton,7
2016-09-02,Drexel with Miami (Amoret),22,Archie,21
2016-09-02,El Dorado Springs,6,Ash Grove,14
2016-09-02,Mountain Grove,26,Ava,0
2016-09-02,Rock Bridge,6,Battle,32
2016-09-02,Versailles,0,Blair Oaks,36
2016-09-02,Lee's Summit North,13,Blue Springs South,31
2016-09-02,Diamond,33,Buffalo,34
2016-09-02,Knob Noster,7,Butler,62
2016-09-02,Willow Springs,19,Cabool,18
2016-09-02,Lebanon,28,Camdenton,19
2016-09-02,Bishop LeBlond,31,Cameron,12
2016-09-02,Branson,0,Carthage,21
2016-09-02,Valle Catholic,48,Caruthersville,36
2016-09-02,East Newton,16,Cassville,42
2016-09-02,Pembroke Hill,14,Center,42
2016-09-02,Dexter,34,Central (New Madrid County),14
2016-09-02,Potosi,7,Central (Park Hills),33
2016-09-02,Ruskin,0,Central (St. Joseph),38
2016-09-02,Louisiana,6,Centralia,55
2016-09-02,Hayti,72,Chaffee,0
2016-09-02,SLUH,28,Chaminade College Prep,30
2016-09-02,Bowling Green,6,Clopton with Elsberry,42
2016-09-02,Carrollton,6,Cole Camp,0
2016-09-02,Sweet Springs with Malta Bend,35,Concordia,0
2016-09-02,Lone Jack,14,Crest Ridge,54
2016-09-02,Principia,12,Crystal City,26
2016-09-02,Ft. Zumwalt West,34,De Smet Jesuit,41
2016-09-02,St. Francis Borgia,32,Duchesne,14
2016-09-02,Hogan Prep Academy Charter,46,East (Kansas City),6
2016-09-02,West Platte,8,East Buchanan,42
2016-09-02,Scott City,32,East Prairie,28
2016-09-02,Oak Park,7,Excelsior Springs,14
2016-09-02,Pleasant Hope,0,Fair Grove,75
2016-09-02,Central (Cape Girardeau),28,Farmington,27
2016-09-02,Fulton,29,Father Tolton,22
2016-09-02,North County,31,Festus,21
2016-09-02,Ft. Zumwalt East,27,Francis Howell,42
2016-09-02,St. Charles West,25,Francis Howell Central,26
2016-09-02,Perryville,13,Fredericktown,28
2016-09-02,Troy Buchanan,12,Ft. Zumwalt North,42
2016-09-02,Francis Howell North,43,Ft. Zumwalt South,27
2016-09-02,Maysville with Winston,34,Gallatin,13
2016-09-02,Vashon,24,Gateway,40
2016-09-02,West Plains,27,Glendale,48
2016-09-02,Raytown,18,Grain Valley,20
2016-09-02,Kearney,38,Grandview,14
2016-09-02,Osage,40,Hallsville,20
2016-09-02,Boonville,20,Hannibal,28
2016-09-02,Jefferson (Festus),41,Herculaneum,6
2016-09-02,Ste. Genevieve,26,Hillsboro,44
2016-09-02,Logan-Rogersville,25,Hollister,14
2016-09-02,Hickman,13,Jefferson City,48
2016-09-02,Clayton,12,Jennings,30
2016-09-02,Kickapoo,49,Joplin,20
2016-09-02,St. Vincent,57,Kelly,0
2016-09-02,Lafayette (Wildwood),12,Kirkwood,37
2016-09-02,Benton,34,Lafayette (St. Joseph),40
2016-09-02,Aurora,0,Lamar,50
2016-09-02,Plattsburg,7,Lawson,40
2016-09-02,Fort Osage,27,Lee's Summit,45
2016-09-02,Raymore-Peculiar,42,Lee's Summit West,35
2016-09-02,Liberty North,20,Liberty,30
2016-09-02,Thayer,0,Liberty (Mountain View),32
2016-09-02,Hazelwood Central,41,Lindbergh,0
2016-09-02,MICDS,28,Lutheran South,20
2016-09-02,Clark County,0,Macon,33
2016-09-02,Brookfield,0,Marceline,7
2016-09-02,Strafford,23,Marionville,12
2016-09-02,Hazelwood West,13,Marquette,42
2016-09-02,Mexico,42,Marshall,7
2016-09-02,Chillicothe,14,Maryville,61
2016-09-02,Seckman,9,McCluer,26
2016-09-02,Seneca,33,McDonald County,26
2016-09-02,Princeton with Mercer,20,Milan,14
2016-09-02,Sarcoxie,45,Miller with Everton,20
2016-09-02,Kirksville,13,Moberly,7
2016-09-02,Monett,42,Mt. Vernon,28
2016-09-02,St. Pius X (Kansas City),34,Nevada,0
2016-09-02,Central (Springfield),0,Nixa,49
2016-09-02,Mark Twain,16,North Callaway,26
2016-09-02,Mid-Buchanan,42,North Platte,20
2016-09-02,Parkway Central,49,Oakville,7
2016-09-02,Holden,9,Odessa,46
2016-09-02,Clinton,28,O'Hara,12
2016-09-02,McCluer South-Berkeley,40,Orchard Farm,12
2016-09-02,St. Paul Lutheran (Concordia),51,Orrick,8
2016-09-02,Lincoln,48,Osceola,0
2016-09-02,Cuba,20,Owensville,64
2016-09-02,Carl Junction,7,Ozark,10
2016-09-02,Highland,6,Palmyra,31
2016-09-02,Scotland County,27,Paris,12
2016-09-02,Park Hill South,23,Park Hill,24
2016-09-02,Eureka,48,Pattonville,45
2016-09-02,Lathrop,20,Penney,43
2016-09-02,Jasper,0,Pierce City,29
2016-09-02,Malden,52,Portageville,6
2016-09-02,North Kansas City,11,Raytown South,33
2016-09-02,Bolivar,28,Reeds Spring,38
2016-09-02,Appleton City with Montrose,18,Rich Hill with Hume,13
2016-09-02,Pleasant Hill,7,Richmond,36
2016-09-02,Northwest (Cedar Hill),13,Ritenour,42
2016-09-02,Fox,14,Rockwood Summit,41
2016-09-02,Parkview,27,Rolla,23
2016-09-02,Houston,12,Salem,25
2016-09-02,Harrisburg,14,Salisbury,34
2016-09-02,Wellington-Napoleon,36,Santa Fe,22
2016-09-02,Fayette,42,Schuyler County,30
2016-09-02,Jackson,42,Sikeston,7
2016-09-02,Stockton,14,Skyline,54
2016-09-02,Warrensburg,6,Smith-Cotton,26
2016-09-02,Savannah,2,Smithville,21
2016-09-02,Polo,52,South Harrison,0
2016-09-02,Monroe City,16,South Shelby,13
2016-09-02,Eldon,7,Southern Boone,14
2016-09-02,Marshfield,28,Springfield Catholic,42
2016-09-02,Poplar Bluff,55,St. Charles,6
2016-09-02,Pacific,20,St. Clair,40
2016-09-02,Liberty (Wentzville),6,St. Dominic,13
2016-09-02,Hermann,38,St. James,21
2016-09-02,Veritas Christian Academy,28,St. Mary's South Side,55
2016-09-02,Grandview (Hillsboro),8,St. Pius X (Festus),46
2016-09-02,Platte County,42,Staley,55
2016-09-02,Lafayette County,6,Summit Christian Academy,42
2016-09-02,Holt,7,Timberland,41
2016-09-02,Putnam County,14,Trenton,32
2016-09-02,Cardinal Ritter,13,Trinity Catholic,47
2016-09-02,William Chrisman,48,Truman,14
2016-09-02,Sullivan,6,Union,7
2016-09-02,Parkway North,50,University City,0
2016-09-02,Sherwood,22,Van Horn,48
2016-09-02,Montgomery County,18,Van-Far with Community,3
2016-09-02,California,33,Warsaw,7
2016-09-02,Warrenton,30,Washington,24
2016-09-02,Hillcrest,40,Waynesville,22
2016-09-02,Republic,7,Webb City,30
2016-09-02,Ladue Horton Watkins,28,Webster Groves,20
2016-09-02,Knox County,14,Westran,35
2016-09-02,Neosho with Neosho Christian,34,Willard,30
2016-09-02,DeSoto with Kingston,52,Windsor (Imperial),0
2016-09-02,Confluence Prep Academy Charter,42,Winfield,6
2016-09-02,Belton,42,Winnetonka,6
2016-09-02,South Callaway,46,Wright City,6
2016-09-03,Kennett,20,Carnahan,22
2016-09-03,Northeast (Kansas City),6,Central (Kansas City),46
2016-09-03,Mehlville,7,Hazelwood East,14
2016-09-03,University Academy Charter,8,Lincoln College Prep,22
2016-09-03,Westminster Christian Academy,21,Lutheran North,24
2016-09-03,Parkway South,19,McCluer North,7
2016-09-03,Lift for Life Academy Charter,6,Oak Grove,56
2016-09-03,John Burroughs,27,Priory,0
2016-09-03,Normandy Collaborative,12,Riverview Gardens,26
2016-09-03,Cleveland NJROTC,0,Soldan International Studies,44
2016-09-03,Miller Career Academy,56,Transportation and Law,0
2016-09-08,Maryville,50,Bishop LeBlond,3
2016-09-08,Winnetonka,0,Kearney,52
2016-09-08,Truman,0,Liberty North,21
2016-09-09,Rich Hill with Hume,19,Adrian,20
2016-09-09,Midway,29,Appleton City with Montrose,19
2016-09-09,Marionville,8,Ash Grove,38
2016-09-09,East Newton,7,Aurora,27
2016-09-09,Liberty (Mountain View),28,Ava,20
2016-09-09,Vianney,52,Battle,55
2016-09-09,Smithville,29,Benton,6
2016-09-09,Park Hill,25,Blue Springs,42
2016-09-09,Van-Far with Community,6,Bowling Green,18
2016-09-09,Ozark,28,Branson,16
2016-09-09,Centralia,20,Brookfield,0
2016-09-09,Lutheran St. Charles,50,Cardinal Ritter,46
2016-09-09,Neosho with Neosho Christian,20,Carl Junction,35
2016-09-09,Salisbury,7,Carrollton,14
2016-09-09,Grain Valley,3,Center,41
2016-09-09,Sikeston,26,Central (Cape Girardeau),23
2016-09-09,Confluence Prep Academy Charter,6,Central (Park Hills),43
2016-09-09,Carthage,57,Central (Springfield),6
2016-09-09,Cameron,6,Chillicothe,55
2016-09-09,Chaminade College Prep,20,Christian Brothers College,33
2016-09-09,University City,13,Clayton,52
2016-09-09,St. Pius X (Kansas City),22,Clinton,27
2016-09-09,Orrick,18,Crest Ridge,65
2016-09-09,Valle Catholic,34,Crystal City,0
2016-09-09,Cole Camp,46,Cuba,8
2016-09-09,Lafayette County,35,El Dorado Springs,6
2016-09-09,Blair Oaks,42,Eldon,7
2016-09-09,Marquette,14,Eureka,37
2016-09-09,Boonville,35,Father Tolton,27
2016-09-09,Hillsboro,22,Festus,20
2016-09-09,Mehlville,8,Fox,27
2016-09-09,Ft. Zumwalt East,13,Ft. Zumwalt North,46
2016-09-09,Liberty (Wentzville),16,Ft. Zumwalt South,35
2016-09-09,Francis Howell North,42,Ft. Zumwalt West,77
2016-09-09,Moberly,33,Fulton,22
2016-09-09,William Chrisman,33,Grandview,20
2016-09-09,Chaffee,47,Grandview (Hillsboro),14
2016-09-09,Southern Boone,41,Hallsville,0
2016-09-09,Westran,55,Harrisburg,14
2016-09-09,East Prairie,6,Hayti,58
2016-09-09,Cleveland NJROTC,12,Hermann,37
2016-09-09,Helias Catholic,52,Hickman,14
2016-09-09,Macon,49,Highland,18
2016-09-09,Bolivar,55,Hollister,13
2016-09-09,Washington,28,Holt,20
2016-09-09,Cabool,14,Houston,34
2016-09-09,Miller with Everton,14,Jasper,37
2016-09-09,St. Pius X (Festus),7,Jefferson (Festus),48
2016-09-09,Caruthersville,57,Kennett,30
2016-09-09,Camdenton,0,Kickapoo,42
2016-09-09,Marshall,20,Kirksville,42
2016-09-09,Pattonville,14,Kirkwood,38
2016-09-09,Tipton,8,Knob Noster,9
2016-09-09,Paris,0,Knox County,48
2016-09-09,Lindbergh,9,Lafayette (Wildwood),56
2016-09-09,West Platte,0,Lathrop,53
2016-09-09,North Platte,19,Lawson,47
2016-09-09,Glendale,48,Lebanon,28
2016-09-09,Lee's Summit West,21,Lee's Summit North,13
2016-09-09,Windsor,8,Lincoln,62
2016-09-09,Archie,30,Lockwood with Golden City,37
2016-09-09,Reeds Spring,45,Logan-Rogersville,18
2016-09-09,Santa Fe,48,Lone Jack,14
2016-09-09,Kelly,0,Malden,85
2016-09-09,Wright City,14,Mark Twain,57
2016-09-09,Buffalo,13,Marshfield,18
2016-09-09,South Harrison,14,Maysville with Winston,48
2016-09-09,McCluer North,26,McCluer,24
2016-09-09,Cassville,33,McDonald County,22
2016-09-09,Hannibal,20,Mexico,19
2016-09-09,Penney,40,Mid-Buchanan,12
2016-09-09,Lamar,49,Monett,34
2016-09-09,Louisiana,0,Monroe City,52
2016-09-09,Clopton with Elsberry,50,Montgomery County,14
2016-09-09,Willow Springs,0,Mountain Grove,53
2016-09-09,O'Hara,24,Nevada,28
2016-09-09,DeSoto with Kingston,35,North County,13
2016-09-09,Oak Park,12,North Kansas City,37
2016-09-09,Oakville,27,Northwest (Cedar Hill),34
2016-09-09,Carnahan,20,Oak Grove,51
2016-09-09,Brentwood,21,Orchard Farm,27
2016-09-09,Warsaw,6,Osage,42
2016-09-09,Drexel with Miami (Amoret),28,Osceola,6
2016-09-09,St. James,0,Owensville,41
2016-09-09,Union,33,Pacific,0
2016-09-09,Central (St. Joseph),37,Park Hill South,50
2016-09-09,Waynesville,20,Parkview,36
2016-09-09,Ladue Horton Watkins,43,Parkway Central,21
2016-09-09,Rockwood Summit,7,Parkway North,33
2016-09-09,Seckman,6,Parkway South,24
2016-09-09,Normandy Collaborative,0,Parkway West,55
2016-09-09,Lincoln College Prep,13,Pembroke Hill,14
2016-09-09,Harrisonville,0,Platte County,49
2016-09-09,East Buchanan,32,Plattsburg,13
2016-09-09,Smith-Cotton,24,Pleasant Hill,25
2016-09-09,Gallatin,21,Polo,36
2016-09-09,Farmington,42,Poplar Bluff,49
2016-09-09,Perryville,0,Potosi,21
2016-09-09,Trenton,40,Princeton with Mercer,21
2016-09-09,Milan,7,Putnam County,36
2016-09-09,Rockhurst,21,Raymore-Peculiar,0
2016-09-09,Liberty,40,Raytown,36
2016-09-09,Belton,23,Raytown South,8
2016-09-09,Nixa,24,Republic,6
2016-09-09,Excelsior Springs,0,Richmond,49
2016-09-09,Lee's Summit,36,Rock Bridge,0
2016-09-09,Joplin,43,Rolla,30
2016-09-09,Fort Osage,19,Ruskin,14
2016-09-09,Liberal with Bronaugh,0,Sarcoxie,35
2016-09-09,Lafayette (St. Joseph),35,Savannah,0
2016-09-09,Schuyler County,8,Scotland County,18
2016-09-09,Charleston,28,Scott City,29
2016-09-09,Mt. Vernon,42,Seneca,13
2016-09-09,Summit Christian Academy,59,Sherwood,0
2016-09-09,Pleasant Hope,13,Skyline,62
2016-09-09,De Smet Jesuit,14,SLUH,54
2016-09-09,North Callaway,14,South Callaway,36
2016-09-09,Palmyra,6,South Shelby,39
2016-09-09,Fair Grove,21,Springfield Catholic,20
2016-09-09,Warrenton,56,St. Charles,26
2016-09-09,Winfield,27,St. Charles West,74
2016-09-09,St. Francis Borgia,14,St. Dominic,34
2016-09-09,Duchesne,35,St. Mary's South Side,33
2016-09-09,Concordia,8,St. Paul Lutheran (Concordia),38
2016-09-09,Herculaneum,20,St. Vincent,49
2016-09-09,Blue Springs South,31,Staley,21
2016-09-09,Fredericktown,0,Ste. Genevieve,39
2016-09-09,Stockton,20,Strafford,12
2016-09-09,St. Clair,28,Sullivan,6
2016-09-09,Salem,7,Thayer,14
2016-09-09,Francis Howell Central,22,Timberland,33
2016-09-09,Francis Howell,37,Troy Buchanan,7
2016-09-09,Butler,35,Van Horn,13
2016-09-09,Trinity Catholic,62,Veritas Christian Academy,6
2016-09-09,California,10,Versailles,14
2016-09-09,Odessa,61,Warrensburg,14
2016-09-09,Willard,7,Webb City,55
2016-09-09,Ritenour,41,Webster Groves,13
2016-09-09,Lexington,42,Wellington-Napoleon,6
2016-09-09,Hillcrest,42,West Plains,28
2016-09-09,Lift for Life Academy Charter,0,Windsor (Imperial),22
2016-09-10,Marceline,28,Fayette,12
2016-09-10,Hazelwood East,12,Hazelwood Central,41
2016-09-10,Southeast,13,Hogan Prep Academy Charter,44
2016-09-10,McCluer South-Berkeley,48,Jennings,21
2016-09-10,Westminster Christian Academy,12,John Burroughs,28
2016-09-10,Lutheran North,14,MICDS,27
2016-09-10,Lutheran South,38,Priory,6
2016-09-10,Hazelwood West,18,Riverview Gardens,6
2016-09-10,Soldan International Studies,41,Roosevelt,0
2016-09-10,Gateway,46,Transportation and Law,6
2016-09-10,Miller Career Academy,16,Vashon,0
2016-09-15,Kickapoo,20,Glendale,40
2016-09-15,East (Kansas City),9,Pembroke Hill,42
2016-09-16,Jennings,56,Affton,8
2016-09-16,Adrian,8,Archie,7
2016-09-16,Monett,28,Aurora,7
2016-09-16,Platte County,30,Belton,35
2016-09-16,Savannah,37,Benton,46
2016-09-16,Chillicothe,20,Bishop LeBlond,3
2016-09-16,Hallsville,20,Blair Oaks,61
2016-09-16,Springfield Catholic,7,Bolivar,35
2016-09-16,Mexico,28,Boonville,7
2016-09-16,Mark Twain,40,Bowling Green,7
2016-09-16,Ash Grove,21,Butler,13
2016-09-16,Mountain Grove,53,Cabool,14
2016-09-16,Eldon,15,California,8
2016-09-16,Parkview,8,Camdenton,48
2016-09-16,Maryville,92,Cameron,8
2016-09-16,Duchesne,16,Cardinal Ritter,0
2016-09-16,Branson,3,Carl Junction,19
2016-09-16,Father Tolton,12,Carnahan,14
2016-09-16,Knob Noster,7,Carrollton,27
2016-09-16,St. James,12,Cassville,21
2016-09-16,Reeds Spring,48,Central (Springfield),18
2016-09-16,South Shelby,0,Centralia,45
2016-09-16,Caruthersville,56,Charleston,16
2016-09-16,Sherwood,0,Cole Camp,47
2016-09-16,Santa Fe,36,Concordia,14
2016-09-16,Jefferson (Festus),52,Crystal City,0
2016-09-16,Christian Brothers College,49,De Smet Jesuit,6
2016-09-16,Festus,56,DeSoto with Kingston,42
2016-09-16,Mid-Buchanan,7,East Buchanan,44
2016-09-16,Seneca,0,East Newton,14
2016-09-16,Slater,0,El Dorado Springs,76
2016-09-16,Harrisonville,18,Excelsior Springs,19
2016-09-16,Staley,34,Fort Osage,12
2016-09-16,Northwest (Cedar Hill),13,Fox,41
2016-09-16,Francis Howell,38,Francis Howell North,0
2016-09-16,Ft. Zumwalt South,26,Ft. Zumwalt East,27
2016-09-16,Timberland,14,Ft. Zumwalt West,43
2016-09-16,South Harrison,0,Gallatin,50
2016-09-16,Roosevelt,0,Gateway,50
2016-09-16,Pleasant Hill,12,Grain Valley,20
2016-09-16,Kirksville,21,Hannibal,49
2016-09-16,Knox County,46,Harrisburg,0
2016-09-16,Central (New Madrid County),15,Hayti,70
2016-09-16,St. Pius X (Festus),0,Herculaneum,16
2016-09-16,Lebanon,42,Hillcrest,6
2016-09-16,Windsor (Imperial),39,Hillsboro,58
2016-09-16,Buffalo,20,Hollister,34
2016-09-16,Thayer,32,Houston,6
2016-09-16,Farmington,7,Jackson,55
2016-09-16,West Plains,34,Joplin,48
2016-09-16,Parkway North,0,Kirkwood,13
2016-09-16,Smithville,14,Lafayette (St. Joseph),6
2016-09-16,Eureka,7,Lafayette (Wildwood),14
2016-09-16,Richmond,40,Lafayette County,8
2016-09-16,Lawson,35,Lathrop,0
2016-09-16,Holden,6,Lexington,14
2016-09-16,Holt,25,Liberty (Wentzville),22
2016-09-16,Kearney,30,Liberty North,0
2016-09-16,Diamond,47,Lockwood with Golden City,22
2016-09-16,Brookfield,58,Louisiana,0
2016-09-16,Westminster Christian Academy,17,Lutheran South,24
2016-09-16,Moberly,14,Macon,20
2016-09-16,East Prairie,0,Malden,37
2016-09-16,Lincoln,46,Marionville,8
2016-09-16,Oakville,0,Marquette,33
2016-09-16,Fulton,26,Marshall,14
2016-09-16,Logan-Rogersville,18,Marshfield,13
2016-09-16,Polo,42,Maysville with Winston,72
2016-09-16,Drexel with Miami (Amoret),37,Midway,48
2016-09-16,Highland,0,Monroe City,42
2016-09-16,McDonald County,8,Mt. Vernon,53
2016-09-16,Neosho with Neosho Christian,28,Nixa,31
2016-09-16,Clopton with Elsberry,6,North Callaway,20
2016-09-16,St. Charles,21,North County,60
2016-09-16,Oak Grove,29,Odessa,20
2016-09-16,Northeast (Kansas City),6,O'Hara,61
2016-09-16,Southern Boone,17,Osage,32
2016-09-16,Hermann,44,Owensville,45
2016-09-16,Clark County,6,Palmyra,45
2016-09-16,Marceline,33,Paris,0
2016-09-16,University City,0,Parkway Central,50
2016-09-16,Lindbergh,27,Parkway South,10
2016-09-16,Clayton,6,Parkway West,34
2016-09-16,Webster Groves,19,Pattonville,27
2016-09-16,St. Vincent,28,Perryville,18
2016-09-16,Miller with Everton,7,Pierce City,55
2016-09-16,Penney,42,Plattsburg,7
2016-09-16,Strafford,39,Pleasant Hope,0
2016-09-16,Central (Cape Girardeau),34,Poplar Bluff,36
2016-09-16,Kelly,0,Portageville,89
2016-09-16,Fredericktown,11,Potosi,21
2016-09-16,Putnam County,46,Princeton with Mercer,14
2016-09-16,Central (St. Joseph),7,Raymore-Peculiar,40
2016-09-16,Park Hill South,42,Raytown,13
2016-09-16,Ozark,29,Republic,32
2016-09-16,Osceola,15,Rich Hill with Hume,32
2016-09-16,Hickman,21,Rock Bridge,48
2016-09-16,Ritenour,27,Rockwood Summit,42
2016-09-16,Ava,38,Salem,0
2016-09-16,Scotland County,42,Salisbury,6
2016-09-16,Chaffee,13,Scott City,42
2016-09-16,Mehlville,40,Seckman,0
2016-09-16,Dexter,0,Sikeston,43
2016-09-16,Jefferson City,26,SLUH,0
2016-09-16,Nevada,13,Smith-Cotton,31
2016-09-16,Montgomery County,6,South Callaway,26
2016-09-16,Lincoln College Prep,24,Southeast,22
2016-09-16,St. Mary's South Side,16,St. Francis Borgia,15
2016-09-16,Lone Jack,0,St. Paul Lutheran (Concordia),40
2016-09-16,Center,28,St. Pius X (Kansas City),13
2016-09-16,Fair Grove,39,Stockton,7
2016-09-16,Pacific,14,Sullivan,41
2016-09-16,Skyline,0,Summit Christian Academy,47
2016-09-16,Orrick,14,Sweet Springs with Malta Bend,49
2016-09-16,Milan,14,Trenton,28
2016-09-16,Van Horn,13,Truman,75
2016-09-16,St. Clair,26,Union,28
2016-09-16,Central (Kansas City),6,University Academy Charter,33
2016-09-16,Grandview (Hillsboro),6,Valle Catholic,61
2016-09-16,Wright City,30,Van-Far with Community,24
2016-09-16,St. Dominic,28,Veritas Christian Academy,6
2016-09-16,Warsaw,14,Versailles,35
2016-09-16,Chaminade College Prep,47,Vianney,32
2016-09-16,Clinton,32,Warrensburg,28
2016-09-16,St. Charles West,12,Warrenton,8
2016-09-16,Ft. Zumwalt North,49,Washington,22
2016-09-16,Rolla,42,Waynesville,16
2016-09-16,Crest Ridge,32,Wellington-Napoleon,70
2016-09-16,North Platte,26,West Platte,20
2016-09-16,Fayette,28,Westran,14
2016-09-16,Carthage,41,Willard,30
2016-09-16,Raytown South,10,William Chrisman,12
2016-09-16,Liberty (Mountain View),55,Willow Springs,6
2016-09-16,Appleton City with Montrose,29,Windsor,14
2016-09-16,Orchard Farm,48,Winfield,7
2016-09-17,Ste. Genevieve,7,Central (Park Hills),8
2016-09-17,Confluence Prep Academy Charter,36,Cleveland NJROTC,0
2016-09-17,Hazelwood East,33,Hazelwood West,7
2016-09-17,Battle,64,Helias Catholic,29
2016-09-17,Vashon,0,Ladue Horton Watkins,61
2016-09-17,John Burroughs,14,Lutheran North,34
2016-09-17,Hazelwood Central,66,McCluer North,13
2016-09-17,Lift for Life Academy Charter,0,McCluer South-Berkeley,66
2016-09-17,Soldan International Studies,14,Miller Career Academy,42
2016-09-17,Ruskin,26,Oak Park,16
2016-09-17,MICDS,27,Priory,13
2016-09-17,McCluer,19,Riverview Gardens,14
2016-09-17,Transportation and Law,8,Sumner,18
2016-09-17,Liberal with Bronaugh,12,Tipton,32
2016-09-17,Francis Howell Central,30,Troy Buchanan,45
2016-09-17,Liberty (Mountain View),55,Willow Springs,6
2016-09-22,Hillcrest,8,Kickapoo,56
2016-09-22,Glendale,55,Parkview,28
2016-09-23,Appleton City with Montrose,60,Adrian,21
2016-09-23,Osceola,0,Archie,49
2016-09-23,Houston,22,Ava,70
2016-09-23,Raymore-Peculiar,33,Blue Springs South,35
2016-09-23,Marshfield,21,Branson,48
2016-09-23,Monroe City,8,Brookfield,28
2016-09-23,Springfield Catholic,49,Buffalo,14
2016-09-23,Transportation and Law,6,Carnahan,56
2016-09-23,Carl Junction,28,Carthage,35
2016-09-23,Dexter,6,Caruthersville,42
2016-09-23,Clinton,14,Center,48
2016-09-23,University City,6,Central (Cape Girardeau),44
2016-09-23,Kennett,56,Central (New Madrid County),23
2016-09-23,Truman,51,Central (St. Joseph),48
2016-09-23,East Prairie,56,Chaffee,42
2016-09-23,SLUH,21,Christian Brothers College,48
2016-09-23,Highland,12,Clark County,54
2016-09-23,Wellington-Napoleon,59,Concordia,16
2016-09-23,St. Paul Lutheran (Concordia),21,Crest Ridge,30
2016-09-23,St. Pius X (Festus),6,Cuba,42
2016-09-23,Vianney,43,De Smet Jesuit,7
2016-09-23,Fredericktown,14,DeSoto with Kingston,28
2016-09-23,Sarcoxie,34,Diamond,18
2016-09-23,Rich Hill with Hume,32,Drexel with Miami (Amoret),48
2016-09-23,St. Dominic,43,Duchesne,0
2016-09-23,Mt. Vernon,42,East Newton,6
2016-09-23,Parkway South,0,Eureka,28
2016-09-23,Odessa,14,Excelsior Springs,21
2016-09-23,Strafford,22,Fair Grove,28
2016-09-23,Sikeston,12,Farmington,17
2016-09-23,Paris,28,Fayette,20
2016-09-23,North Kansas City,6,Fort Osage,21
2016-09-23,Ft. Zumwalt West,27,Francis Howell,20
2016-09-23,Francis Howell North,43,Francis Howell Central,40
2016-09-23,Liberty (Wentzville),40,Ft. Zumwalt East,57
2016-09-23,Holt,7,Ft. Zumwalt North,63
2016-09-23,Washington,34,Ft. Zumwalt South,47
2016-09-23,Hannibal,75,Fulton,22
2016-09-23,Soldan International Studies,0,Gateway,20
2016-09-23,Herculaneum,22,Grandview (Hillsboro),12
2016-09-23,California,6,Hallsville,0
2016-09-23,Grain Valley,19,Harrisonville,7
2016-09-23,Malden,28,Hayti,25
2016-09-23,Sullivan,28,Hermann,8
2016-09-23,Battle,61,Hickman,7
2016-09-23,North County,22,Hillsboro,44
2016-09-23,Lafayette County,21,Holden,13
2016-09-23,Poplar Bluff,27,Jackson,41
2016-09-23,Valle Catholic,53,Jefferson (Festus),19
2016-09-23,Rock Bridge,21,Jefferson City,61
2016-09-23,Belton,21,Kearney,23
2016-09-23,Boonville,13,Kirksville,35
2016-09-23,Lexington,57,Knob Noster,0
2016-09-23,Salisbury,7,Knox County,40
2016-09-23,Parkway West,22,Ladue Horton Watkins,52
2016-09-23,Chillicothe,31,Lafayette (St. Joseph),21
2016-09-23,East Buchanan,14,Lawson,64
2016-09-23,West Plains,48,Lebanon,41
2016-09-23,Lee's Summit,55,Lee's Summit North,28
2016-09-23,Park Hill,29,Lee's Summit West,36
2016-09-23,Platte County,38,Liberty,30
2016-09-23,Mountain Grove,20,Liberty (Mountain View),33
2016-09-23,Tipton,18,Lincoln,58
2016-09-23,Northeast (Kansas City),12,Lincoln College Prep,48
2016-09-23,Mehlville,17,Lindbergh,24
2016-09-23,Bolivar,55,Logan-Rogersville,7
2016-09-23,Lutheran North,35,Lutheran South,24
2016-09-23,Schuyler County,6,Marceline,57
2016-09-23,South Callaway,28,Mark Twain,6
2016-09-23,Lafayette (Wildwood),20,Marquette,28
2016-09-23,Benton,6,Maryville,48
2016-09-23,Lamar,56,McDonald County,0
2016-09-23,Centralia,8,Mexico,34
2016-09-23,Plattsburg,21,Mid-Buchanan,35
2016-09-23,Butler,54,Midway,22
2016-09-23,Gallatin,14,Milan,6
2016-09-23,Liberal with Bronaugh,28,Miller with Everton,29
2016-09-23,Marshall,21,Moberly,56
2016-09-23,Cassville,20,Monett,21
2016-09-23,Bowling Green,20,Montgomery County,22
2016-09-23,Republic,14,Neosho with Neosho Christian,34
2016-09-23,Central (Springfield),6,Nevada,54
2016-09-23,Webb City,34,Nixa,10
2016-09-23,Lathrop,46,North Platte,0
2016-09-23,Seckman,13,Northwest (Cedar Hill),41
2016-09-23,Pleasant Hill,28,Oak Grove,14
2016-09-23,Grandview,24,Oak Park,6
2016-09-23,Fox,40,Oakville,14
2016-09-23,Smith-Cotton,21,O'Hara,6
2016-09-23,Lone Jack,42,Orrick,38
2016-09-23,Versailles,6,Osage,42
2016-09-23,Willard,24,Ozark,28
2016-09-23,Owensville,46,Pacific,6
2016-09-23,Louisiana,0,Palmyra,59
2016-09-23,Liberty North,14,Park Hill South,15
2016-09-23,Ritenour,35,Parkway North,34
2016-09-23,Rockwood Summit,13,Pattonville,28
2016-09-23,Van Horn,0,Pembroke Hill,38
2016-09-23,West Platte,6,Penney,42
2016-09-23,Central (Park Hills),39,Perryville,20
2016-09-23,Lockwood with Golden City,20,Pierce City,18
2016-09-23,Marionville,50,Pleasant Hope,0
2016-09-23,Scott City,7,Portageville,49
2016-09-23,Maysville with Winston,58,Princeton with Mercer,30
2016-09-23,Polo,42,Putnam County,56
2016-09-23,Hollister,14,Reeds Spring,52
2016-09-23,Carrollton,0,Richmond,42
2016-09-23,Blue Springs,24,Rockhurst,7
2016-09-23,Camdenton,56,Rolla,14
2016-09-23,Raytown,41,Ruskin,6
2016-09-23,Sweet Springs with Malta Bend,35,Santa Fe,0
2016-09-23,Cameron,6,Savannah,51
2016-09-23,Westran,18,Scotland County,26
2016-09-23,Aurora,21,Seneca,28
2016-09-23,University Academy Charter,58,Sherwood,0
2016-09-23,Ash Grove,12,Skyline,36
2016-09-23,Bishop LeBlond,6,Smithville,17
2016-09-23,Trenton,42,South Harrison,14
2016-09-23,Macon,56,South Shelby,14
2016-09-23,Blair Oaks,42,Southern Boone,13
2016-09-23,Winfield,30,St. Charles,54
2016-09-23,Orchard Farm,28,St. Charles West,21
2016-09-23,Veritas Christian Academy,28,St. Francis Borgia,45
2016-09-23,St. Clair,42,St. James,28
2016-09-23,Warrensburg,16,St. Pius X (Kansas City),28
2016-09-23,Crystal City,7,St. Vincent,42
2016-09-23,Potosi,13,Ste. Genevieve,33
2016-09-23,Jasper,7,Stockton,20
2016-09-23,Cabool,14,Thayer,36
2016-09-23,Troy Buchanan,25,Timberland,38
2016-09-23,Lutheran St. Charles,0,Trinity Catholic,48
2016-09-23,Affton,6,Union,33
2016-09-23,Clopton with Elsberry,46,Van-Far with Community,0
2016-09-23,Jennings,14,Warrenton,28
2016-09-23,Eldon,49,Warsaw,17
2016-09-23,Joplin,30,Waynesville,15
2016-09-23,Staley,39,William Chrisman,43
2016-09-23,Salem,33,Willow Springs,24
2016-09-23,Cole Camp,52,Windsor,21
2016-09-23,Festus,70,Windsor (Imperial),49
2016-09-23,Raytown South,43,Winnetonka,6
2016-09-23,North Callaway,46,Wright City,7
2016-09-24,Southeast,14,Central (Kansas City),36
2016-09-24,Kelly,0,Charleston,75
2016-09-24,Parkway Central,49,Clayton,14
2016-09-24,Lift for Life Academy Charter,0,Confluence Prep Academy Charter,54
2016-09-24,Summit Christian Academy,67,East (Kansas City),20
2016-09-24,Riverview Gardens,20,Hazelwood East,54
2016-09-24,McCluer North,13,Hazelwood West,25
2016-09-24,Father Tolton,0,Helias Catholic,53
2016-09-24,MICDS,26,John Burroughs,24
2016-09-24,Hazelwood Central,48,McCluer,0
2016-09-24,Normandy Collaborative,0,McCluer South-Berkeley,42
2016-09-24,Hogan Prep Academy Charter,20,Miller Career Academy,42
2016-09-24,Brentwood,63,Principia,6
2016-09-24,Cleveland NJROTC,30,Sumner,29
2016-09-24,Roosevelt,14,Vashon,64
2016-09-24,Priory,6,Westminster Christian Academy,20
2016-09-29,Parkview,24,Hillcrest,31
2016-09-29,Vianney,42,SLUH,32
2016-09-30,Normandy Collaborative,27,Affton,16
2016-09-30,Archie,26,Appleton City with Montrose,33
2016-09-30,Truman,36,Battle,44
2016-09-30,Ruskin,6,Belton,45
2016-09-30,Benton,36,Bishop LeBlond,15
2016-09-30,Osage,16,Blair Oaks,40
2016-09-30,Lee's Summit North,21,Blue Springs,52
2016-09-30,Buffalo,0,Bolivar,55
2016-09-30,Fulton,22,Boonville,20
2016-09-30,South Callaway,69,Bowling Green,0
2016-09-30,Lift for Life Academy Charter,12,Brentwood,64
2016-09-30,Stockton,8,Butler,39
2016-09-30,Waynesville,6,Camdenton,50
2016-09-30,Lafayette (St. Joseph),35,Cameron,8
2016-09-30,Lexington,49,Carrollton,7
2016-09-30,Nixa,7,Carthage,25
2016-09-30,Seneca,26,Cassville,59
2016-09-30,Jackson,55,Central (Cape Girardeau),21
2016-09-30,Hickman,29,Central (Kansas City),24
2016-09-30,Liberty North,12,Central (St. Joseph),24
2016-09-30,Palmyra,16,Centralia,0
2016-09-30,Principia,15,Chaffee,50
2016-09-30,De Smet Jesuit,7,Chaminade College Prep,56
2016-09-30,Malden,54,Charleston,22
2016-09-30,Savannah,7,Chillicothe,42
2016-09-30,Louisiana,12,Clark County,42
2016-09-30,Smith-Cotton,36,Clinton,43
2016-09-30,Tipton,14,Cole Camp,49
2016-09-30,Hillsboro,46,DeSoto with Kingston,22
2016-09-30,Kennett,36,Dexter,22
2016-09-30,Sherwood,22,Drexel with Miami (Amoret),58
2016-09-30,North Platte,6,East Buchanan,40
2016-09-30,Portageville,48,East Prairie,50
2016-09-30,East Newton,31,El Dorado Springs,30
2016-09-30,Versailles,12,Eldon,38
2016-09-30,McCluer North,13,Eureka,44
2016-09-30,Transportation and Law,22,Father Tolton,48
2016-09-30,Timberland,13,Francis Howell,34
2016-09-30,Troy Buchanan,28,Francis Howell North,49
2016-09-30,Central (Park Hills),44,Fredericktown,0
2016-09-30,Liberty (Wentzville),22,Ft. Zumwalt North,55
2016-09-30,Princeton with Mercer,6,Gallatin,21
2016-09-30,Rolla,21,Glendale,56
2016-09-30,Winnetonka,20,Grandview,36
2016-09-30,Jefferson (Festus),46,Grandview (Hillsboro),0
2016-09-30,Warsaw,6,Hallsville,51
2016-09-30,Moberly,32,Hannibal,54
2016-09-30,Fayette,52,Harrisburg,6
2016-09-30,Crystal City,0,Herculaneum,38
2016-09-30,South Shelby,48,Highland,0
2016-09-30,Ft. Zumwalt South,49,Holt,35
2016-09-30,Willow Springs,40,Houston,18
2016-09-30,Christian Brothers College,65,Jefferson City,59
2016-09-30,Parkway Central,55,Jennings,8
2016-09-30,Lebanon,42,Joplin,35
2016-09-30,Central (New Madrid County),54,Kelly,7
2016-09-30,Webster Groves,14,Lafayette (Wildwood),17
2016-09-30,Knob Noster,0,Lafayette County,49
2016-09-30,Blue Springs South,29,Lee's Summit,49
2016-09-30,Fort Osage,17,Lee's Summit West,42
2016-09-30,Jasper,27,Liberal with Bronaugh,16
2016-09-30,Park Hill South,26,Liberty,19
2016-09-30,Cabool,0,Liberty (Mountain View),50
2016-09-30,Slater,6,Lincoln,60
2016-09-30,Neosho with Neosho Christian,53,Logan-Rogersville,0
2016-09-30,Concordia,31,Lone Jack,38
2016-09-30,Confluence Prep Academy Charter,14,Lutheran St. Charles,56
2016-09-30,Brookfield,14,Macon,17
2016-09-30,Fair Grove,59,Marionville,21
2016-09-30,Montgomery County,6,Mark Twain,64
2016-09-30,Hogan Prep Academy Charter,50,Marshall,17
2016-09-30,Smithville,0,Maryville,39
2016-09-30,Putnam County,22,Maysville with Winston,36
2016-09-30,Marquette,42,Mehlville,14
2016-09-30,Kirksville,6,Mexico,25
2016-09-30,West Platte,29,Mid-Buchanan,45
2016-09-30,South Harrison,16,Milan,18
2016-09-30,Diamond,47,Miller with Everton,8
2016-09-30,McDonald County,0,Monett,35
2016-09-30,Salem,0,Mountain Grove,55
2016-09-30,Aurora,28,Mt. Vernon,42
2016-09-30,Van-Far with Community,2,North Callaway,64
2016-09-30,Windsor (Imperial),12,North County,39
2016-09-30,William Chrisman,39,North Kansas City,21
2016-09-30,McCluer,12,Northwest (Cedar Hill),35
2016-09-30,Excelsior Springs,26,Oak Grove,27
2016-09-30,Grain Valley,14,Odessa,44
2016-09-30,St. Pius X (Kansas City),21,O'Hara,0
2016-09-30,St. Charles,8,Orchard Farm,45
2016-09-30,Santa Fe,54,Orrick,32
2016-09-30,Adrian,35,Osceola,12
2016-09-30,Union,6,Owensville,47
2016-09-30,Festus,43,Pacific,20
2016-09-30,Monroe City,46,Paris,6
2016-09-30,Raymore-Peculiar,26,Park Hill,31
2016-09-30,Kirkwood,42,Parkway South,7
2016-09-30,Hazelwood Central,54,Pattonville,18
2016-09-30,University Academy Charter,12,Pembroke Hill,13
2016-09-30,Lawson,33,Penney,34
2016-09-30,Ste. Genevieve,25,Perryville,10
2016-09-30,Raytown South,9,Platte County,30
2016-09-30,Lathrop,56,Plattsburg,21
2016-09-30,Harrisonville,43,Pleasant Hill,7
2016-09-30,Ash Grove,55,Pleasant Hope,0
2016-09-30,Trenton,27,Polo,26
2016-09-30,Farmington,47,Potosi,26
2016-09-30,Kearney,42,Raytown,7
2016-09-30,Marshfield,8,Reeds Spring,36
2016-09-30,Branson,21,Republic,14
2016-09-30,Midway,44,Rich Hill with Hume,21
2016-09-30,Holden,27,Richmond,53
2016-09-30,Helias Catholic,33,Rock Bridge,46
2016-09-30,Marceline,49,Salisbury,0
2016-09-30,Lockwood with Golden City,28,Sarcoxie,16
2016-09-30,Knox County,14,Scotland County,20
2016-09-30,Hayti,48,Scott City,28
2016-09-30,Riverview Gardens,52,Seckman,13
2016-09-30,Poplar Bluff,48,Sikeston,30
2016-09-30,California,25,Southern Boone,48
2016-09-30,Hollister,7,Springfield Catholic,45
2016-09-30,Hermann,25,St. Clair,21
2016-09-30,St. Mary's South Side,13,St. Dominic,51
2016-09-30,St. Charles West,14,St. Francis Borgia,17
2016-09-30,Sullivan,20,St. James,14
2016-09-30,St. Vincent,42,St. Pius X (Festus),0
2016-09-30,Oak Park,0,Staley,42
2016-09-30,Skyline,35,Strafford,28
2016-09-30,Van Horn,13,Summit Christian Academy,50
2016-09-30,Crest Ridge,36,Sweet Springs with Malta Bend,7
2016-09-30,Ava,34,Thayer,19
2016-09-30,Duchesne,28,Veritas Christian Academy,26
2016-09-30,Center,59,Warrensburg,0
2016-09-30,Ft. Zumwalt East,21,Washington,42
2016-09-30,Ozark,17,Webb City,12
2016-09-30,St. Paul Lutheran (Concordia),14,Wellington-Napoleon,51
2016-09-30,Kickapoo,42,West Plains,21
2016-09-30,Schuyler County,30,Westran,35
2016-09-30,Carl Junction,24,Willard,20
2016-09-30,Warrenton,42,Winfield,6
2016-10-01,Cuba,8,Caruthersville,62
2016-10-01,Wright City,0,Clopton with Elsberry,46
2016-10-01,Francis Howell Central,26,Ft. Zumwalt West,35
2016-10-01,Rockwood Summit,14,Hazelwood East,18
2016-10-01,Fox,27,Hazelwood West,16
2016-10-01,Lutheran South,41,John Burroughs,34
2016-10-01,Clayton,7,Ladue Horton Watkins,56
2016-10-01,East (Kansas City),14,Lincoln College Prep,48
2016-10-01,Priory,7,Lutheran North,57
2016-10-01,Roosevelt,0,Miller Career Academy,62
2016-10-01,Oakville,14,Parkway North,49
2016-10-01,Lindbergh,17,Ritenour,46
2016-10-01,Vashon,26,Soldan International Studies,20
2016-10-01,Northeast (Kansas City),0,Southeast,20
2016-10-01,Gateway,40,Sumner,6
2016-10-01,Parkway West,54,University City,13
2016-10-01,Lamar,50,Valle Catholic,13
2016-10-01,MICDS,33,Westminster Christian Academy,14
2016-10-03,Carnahan,26,Cleveland NJROTC,6
2016-10-07,Sherwood,0,Adrian,62
2016-10-07,McCluer South-Berkeley,44,Affton,0
2016-10-07,Rich Hill with Hume,8,Archie,52
2016-10-07,Fair Grove,29,Ash Grove,0
2016-10-07,Cassville,45,Aurora,7
2016-10-07,Jefferson City,33,Battle,40
2016-10-07,Cameron,14,Benton,44
2016-10-07,Lafayette (St. Joseph),27,Bishop LeBlond,0
2016-10-07,Blue Springs,31,Blue Springs South,17
2016-10-07,Marshfield,0,Bolivar,48
2016-10-07,Willard,28,Branson,0
2016-10-07,Palmyra,19,Brookfield,13
2016-10-07,Reeds Spring,55,Buffalo,21
2016-10-07,Ava,35,Cabool,7
2016-10-07,Blair Oaks,52,California,12
2016-10-07,Joplin,19,Camdenton,33
2016-10-07,O'Hara,7,Center,72
2016-10-07,Sikeston,54,Central (New Madrid County),6
2016-10-07,Clinton,49,Central (Springfield),8
2016-10-07,Central (Cape Girardeau),3,Chaminade College Prep,46
2016-10-07,East Prairie,39,Charleston,20
2016-10-07,Smithville,7,Chillicothe,17
2016-10-07,Rockhurst,3,Christian Brothers College,10
2016-10-07,Brentwood,48,Confluence Prep Academy Charter,6
2016-10-07,Concordia,0,Crest Ridge,43
2016-10-07,St. Pius X (Festus),21,Crystal City,14
2016-10-07,Father Tolton,43,Cuba,8
2016-10-07,Jackson,42,De Smet Jesuit,7
2016-10-07,Central (Park Hills),45,Dexter,7
2016-10-07,Liberal with Bronaugh,8,Diamond,52
2016-10-07,St. Clair,49,Duchesne,21
2016-10-07,McDonald County,34,East Newton,56
2016-10-07,Pierce City,26,El Dorado Springs,44
2016-10-07,Clayton,47,Farmington,70
2016-10-07,Salisbury,8,Fayette,42
2016-10-07,St. Francis Borgia,34,Festus,7
2016-10-07,Lafayette (Wildwood),31,Fox,7
2016-10-07,Francis Howell,59,Francis Howell Central,24
2016-10-07,Timberland,21,Francis Howell North,20
2016-10-07,St. Mary's South Side,70,Fredericktown,42
2016-10-07,Ft. Zumwalt North,49,Ft. Zumwalt South,26
2016-10-07,Mexico,40,Fulton,20
2016-10-07,Miller Career Academy,14,Gateway,15
2016-10-07,Excelsior Springs,6,Grain Valley,29
2016-10-07,Oak Grove,18,Harrisonville,39
2016-10-07,Caruthersville,33,Hayti,40
2016-10-07,Pacific,26,Hermann,62
2016-10-07,Lee's Summit West,49,Hickman,6
2016-10-07,Knox County,64,Highland,22
2016-10-07,Poplar Bluff,43,Hillsboro,28
2016-10-07,Carrollton,10,Holden,36
2016-10-07,Strafford,21,Hollister,25
2016-10-07,Ft. Zumwalt East,35,Holt,62
2016-10-07,Appleton City with Montrose,41,Jasper,35
2016-10-07,Chaffee,6,Jefferson (Festus),47
2016-10-07,Staley,28,Kearney,10
2016-10-07,Malden,38,Kennett,14
2016-10-07,Lebanon,8,Kickapoo,41
2016-10-07,Richmond,70,Knob Noster,0
2016-10-07,East Buchanan,20,Lathrop,41
2016-10-07,Mid-Buchanan,13,Lawson,42
2016-10-07,Lafayette County,9,Lexington,31
2016-10-07,Washington,27,Liberty (Wentzville),0
2016-10-07,Park Hill,38,Liberty North,12
2016-10-07,Southeast,8,Lincoln,56
2016-10-07,Central (Kansas City),58,Lincoln College Prep,62
2016-10-07,Eureka,28,Lindbergh,7
2016-10-07,Miller with Everton,0,Lockwood with Golden City,35
2016-10-07,Springfield Catholic,37,Logan-Rogersville,6
2016-10-07,Sweet Springs with Malta Bend,56,Lone Jack,20
2016-10-07,Macon,75,Louisiana,0
2016-10-07,Lift for Life Academy Charter,12,Lutheran St. Charles,54
2016-10-07,Westran,14,Marceline,54
2016-10-07,Skyline,55,Marionville,19
2016-10-07,Parkway South,7,Marquette,54
2016-10-07,Hannibal,56,Marshall,22
2016-10-07,Northwest (Cedar Hill),0,Mehlville,26
2016-10-07,East (Kansas City),13,Midway,41
2016-10-07,Polo,37,Milan,14
2016-10-07,Boonville,25,Moberly,28
2016-10-07,Centralia,28,Monroe City,12
2016-10-07,Houston,0,Mountain Grove,49
2016-10-07,Lamar,49,Mt. Vernon,14
2016-10-07,Warrensburg,22,Nevada,0
2016-10-07,Bowling Green,14,North Callaway,50
2016-10-07,Potosi,18,North County,33
2016-10-07,Penney,42,North Platte,7
2016-10-07,Belton,42,Oak Park,0
2016-10-07,Seckman,0,Oakville,42
2016-10-07,Eldon,6,Osage,32
2016-10-07,Cole Camp,43,Osceola,12
2016-10-07,Nixa,27,Ozark,28
2016-10-07,Lee's Summit North,23,Park Hill South,40
2016-10-07,West Plains,57,Parkview,32
2016-10-07,Parkway Central,18,Parkway West,14
2016-10-07,Odessa,6,Pleasant Hill,17
2016-10-07,Gallatin,41,Putnam County,18
2016-10-07,Lee's Summit,44,Raymore-Peculiar,23
2016-10-07,Central (St. Joseph),36,Raytown,30
2016-10-07,Grandview,22,Raytown South,25
2016-10-07,Carthage,34,Republic,14
2016-10-07,Pattonville,21,Ritenour,27
2016-10-07,Kirkwood,56,Rockwood Summit,19
2016-10-07,Hillcrest,48,Rolla,34
2016-10-07,North Kansas City,14,Ruskin,19
2016-10-07,Liberty (Mountain View),42,Salem,7
2016-10-07,Maryville,64,Savannah,0
2016-10-07,Paris,22,Schuyler County,24
2016-10-07,Harrisburg,8,Scotland County,38
2016-10-07,Kelly,6,Scott City,51
2016-10-07,Monett,35,Seneca,14
2016-10-07,Windsor,48,Slater,8
2016-10-07,Rock Bridge,7,SLUH,45
2016-10-07,Clopton with Elsberry,30,South Callaway,62
2016-10-07,Princeton with Mercer,48,South Harrison,0
2016-10-07,Clark County,22,South Shelby,35
2016-10-07,St. Charles,7,St. Charles West,45
2016-10-07,Santa Fe,14,St. Paul Lutheran (Concordia),48
2016-10-07,Smith-Cotton,17,St. Pius X (Kansas City),42
2016-10-07,DeSoto with Kingston,31,Ste. Genevieve,42
2016-10-07,Pleasant Hope,6,Stockton,74
2016-10-07,Owensville,29,Sullivan,26
2016-10-07,Butler,26,Summit Christian Academy,49
2016-10-07,Maysville with Winston,12,Trenton,42
2016-10-07,Ft. Zumwalt West,63,Troy Buchanan,34
2016-10-07,Liberty,51,Truman,7
2016-10-07,St. James,23,Union,20
2016-10-07,Herculaneum,0,Valle Catholic,57
2016-10-07,Mark Twain,42,Van-Far with Community,9
2016-10-07,Westminster Christian Academy,21,Veritas Christian Academy,24
2016-10-07,Hallsville,6,Versailles,0
2016-10-07,Vashon,12,Vianney,48
2016-10-07,Orchard Farm,26,Warrenton,17
2016-10-07,Southern Boone,49,Warsaw,21
2016-10-07,Glendale,58,Waynesville,7
2016-10-07,Neosho with Neosho Christian,28,Webb City,33
2016-10-07,Parkway North,24,Webster Groves,12
2016-10-07,Orrick,8,Wellington-Napoleon,41
2016-10-07,Plattsburg,34,West Platte,13
2016-10-07,Fort Osage,23,William Chrisman,21
2016-10-07,Thayer,0,Willow Springs,19
2016-10-07,Perryville,22,Windsor (Imperial),34
2016-10-07,Platte County,44,Winnetonka,6
2016-10-07,Montgomery County,16,Wright City,39
2016-10-08,Hazelwood West,6,Hazelwood Central,42
2016-10-08,McCluer,12,Hazelwood East,24
2016-10-08,Kirksville,7,Helias Catholic,44
2016-10-08,Northeast (Kansas City),0,Hogan Prep Academy Charter,54
2016-10-08,Trinity Catholic,56,John Burroughs,22
2016-10-08,Riverview Gardens,24,McCluer North,7
2016-10-08,St. Dominic,22,MICDS,31
2016-10-08,Jennings,8,Normandy Collaborative,21
2016-10-08,Cardinal Ritter,39,Priory,20
2016-10-08,Ladue Horton Watkins,69,University City,0
2016-10-08,University Academy Charter,44,Van Horn,13
2016-10-13,Hickman,12,Liberty North,47
2016-10-13,Raytown,10,Raytown South,13
2016-10-14,Miller with Everton,14,Appleton City with Montrose,33
2016-10-14,Willow Springs,27,Ava,61
2016-10-14,Chillicothe,36,Benton,6
2016-10-14,Warsaw,6,Blair Oaks,45
2016-10-14,Raymore-Peculiar,26,Blue Springs,21
2016-10-14,Marshall,21,Boonville,47
2016-10-14,Wright City,23,Bowling Green,14
2016-10-14,Webb City,55,Branson,14
2016-10-14,Ste. Genevieve,20,Brentwood,63
2016-10-14,Logan-Rogersville,42,Buffalo,26
2016-10-14,Osage,40,California,19
2016-10-14,Roosevelt,0,Carnahan,64
2016-10-14,Lafayette County,27,Carrollton,7
2016-10-14,Central (New Madrid County),13,Caruthersville,76
2016-10-14,Mt. Vernon,29,Cassville,30
2016-10-14,Soldan International Studies,20,Central (Cape Girardeau),54
2016-10-14,Sikeston,54,Central (Park Hills),30
2016-10-14,Chaminade College Prep,37,Central (Springfield),0
2016-10-14,North Kansas City,22,Central (St. Joseph),47
2016-10-14,Brookfield,28,Clark County,0
2016-10-14,Affton,7,Clayton,46
2016-10-14,Nevada,20,Clinton,49
2016-10-14,Lincoln,46,Cole Camp,0
2016-10-14,Tipton,44,Concordia,22
2016-10-14,Windsor (Imperial),67,Cuba,52
2016-10-14,Archie,7,Diamond,43
2016-10-14,Lone Jack,26,Drexel with Miami (Amoret),58
2016-10-14,Penney,56,East Buchanan,12
2016-10-14,Kennett,42,East Prairie,27
2016-10-14,Hallsville,8,Eldon,35
2016-10-14,Pleasant Hill,16,Excelsior Springs,36
2016-10-14,Adrian,13,Fair Grove,60
2016-10-14,Parkway West,14,Farmington,21
2016-10-14,Oak Park,14,Fort Osage,41
2016-10-14,North County,60,Fredericktown,30
2016-10-14,Warrenton,43,Ft. Zumwalt East,19
2016-10-14,Trenton,21,Gallatin,35
2016-10-14,Camdenton,35,Glendale,63
2016-10-14,Oak Grove,0,Grain Valley,7
2016-10-14,Belton,30,Grandview,12
2016-10-14,Battle,50,Hannibal,27
2016-10-14,Union,32,Hermann,23
2016-10-14,Joplin,38,Hillcrest,35
2016-10-14,MICDS,38,Hillsboro,22
2016-10-14,Liberty (Mountain View),55,Houston,15
2016-10-14,SLUH,53,Jackson,28
2016-10-14,St. Vincent,35,Jefferson (Festus),26
2016-10-14,Chaffee,54,Kelly,0
2016-10-14,Waynesville,0,Kickapoo,43
2016-10-14,Fulton,12,Kirksville,13
2016-10-14,Ritenour,19,Kirkwood,30
2016-10-14,Holden,47,Knob Noster,20
2016-10-14,Fayette,14,Knox County,24
2016-10-14,Ft. Zumwalt South,7,Ladue Horton Watkins,34
2016-10-14,Maryville,52,Lafayette (St. Joseph),20
2016-10-14,Seneca,6,Lamar,49
2016-10-14,Mid-Buchanan,32,Lathrop,58
2016-10-14,Parkview,29,Lebanon,47
2016-10-14,Lee's Summit West,52,Lee's Summit,21
2016-10-14,Liberty,21,Lee's Summit North,48
2016-10-14,Richmond,46,Lexington,21
2016-10-14,Rich Hill with Hume,22,Liberal with Bronaugh,28
2016-10-14,Van Horn,14,Lincoln College Prep,34
2016-10-14,Marquette,38,Lindbergh,22
2016-10-14,Jasper,21,Lockwood with Golden City,19
2016-10-14,Highland,43,Louisiana,12
2016-10-14,Veritas Christian Academy,14,Lutheran St. Charles,55
2016-10-14,Centralia,23,Macon,24
2016-10-14,Dexter,7,Malden,44
2016-10-14,Harrisburg,0,Marceline,68
2016-10-14,Clopton with Elsberry,20,Mark Twain,28
2016-10-14,Hollister,28,Marshfield,14
2016-10-14,Milan,21,Maysville with Winston,42
2016-10-14,Aurora,28,McDonald County,14
2016-10-14,Oakville,17,Mehlville,10
2016-10-14,Moberly,29,Mexico,39
2016-10-14,East Newton,13,Monett,56
2016-10-14,North Callaway,62,Montgomery County,24
2016-10-14,Carthage,35,Neosho with Neosho Christian,21
2016-10-14,Carl Junction,47,Nixa,14
2016-10-14,Eureka,49,Northwest (Cedar Hill),6
2016-10-14,Harrisonville,36,Odessa,12
2016-10-14,Duchesne,0,Orchard Farm,14
2016-10-14,Slater,22,Orrick,60
2016-10-14,Bolivar,12,Ozark,34
2016-10-14,St. James,56,Pacific,12
2016-10-14,Monroe City,22,Palmyra,16
2016-10-14,Westran,34,Paris,6
2016-10-14,Blue Springs South,10,Park Hill,31
2016-10-14,Francis Howell Central,16,Parkway Central,64
2016-10-14,Pattonville,34,Parkway North,48
2016-10-14,Lafayette (Wildwood),45,Parkway South,7
2016-10-14,Sarcoxie,28,Pierce City,42
2016-10-14,Kearney,42,Platte County,39
2016-10-14,North Platte,14,Plattsburg,44
2016-10-14,Osceola,18,Pleasant Hope,20
2016-10-14,Princeton with Mercer,73,Polo,80
2016-10-14,Festus,13,Poplar Bluff,42
2016-10-14,Hayti,42,Portageville,7
2016-10-14,DeSoto with Kingston,31,Potosi,33
2016-10-14,South Harrison,0,Putnam County,40
2016-10-14,Francis Howell,20,Rock Bridge,14
2016-10-14,Jefferson City,6,Rockhurst,49
2016-10-14,Webster Groves,22,Rockwood Summit,17
2016-10-14,Cabool,7,Salem,39
2016-10-14,Bishop LeBlond,20,Savannah,6
2016-10-14,Salisbury,34,Schuyler County,8
2016-10-14,Fox,35,Seckman,0
2016-10-14,Midway,62,Sherwood,0
2016-10-14,El Dorado Springs,42,Skyline,50
2016-10-14,Center,49,Smith-Cotton,17
2016-10-14,Cameron,0,Smithville,42
2016-10-14,Van-Far with Community,0,South Callaway,48
2016-10-14,Scotland County,7,South Shelby,33
2016-10-14,East (Kansas City),9,Southeast,7
2016-10-14,Reeds Spring,14,Springfield Catholic,16
2016-10-14,Trinity Catholic,63,St. Charles,6
2016-10-14,Owensville,63,St. Clair,53
2016-10-14,Priory,7,St. Dominic,31
2016-10-14,Westminster Christian Academy,46,St. Francis Borgia,35
2016-10-14,Cardinal Ritter,35,St. Mary's South Side,44
2016-10-14,Father Tolton,32,St. Paul Lutheran (Concordia),13
2016-10-14,Valle Catholic,55,St. Pius X (Festus),0
2016-10-14,Pembroke Hill,12,St. Pius X (Kansas City),21
2016-10-14,Ruskin,7,Staley,50
2016-10-14,Marionville,20,Stockton,41
2016-10-14,Ash Grove,7,Strafford,33
2016-10-14,Lutheran South,20,Sullivan,42
2016-10-14,Wellington-Napoleon,42,Sweet Springs with Malta Bend,7
2016-10-14,Mountain Grove,63,Thayer,8
2016-10-14,Ft. Zumwalt North,47,Timberland,14
2016-10-14,Holt,28,Troy Buchanan,43
2016-10-14,Park Hill South,35,Truman,14
2016-10-14,Butler,24,University Academy Charter,12
2016-10-14,Southern Boone,49,Versailles,0
2016-10-14,Christian Brothers College,45,Vianney,21
2016-10-14,O'Hara,34,Warrensburg,54
2016-10-14,Francis Howell North,41,Washington,25
2016-10-14,Rolla,6,West Plains,28
2016-10-14,Lawson,42,West Platte,0
2016-10-14,Republic,7,Willard,40
2016-10-14,Crest Ridge,14,Windsor,20
2016-10-14,Lift for Life Academy Charter,18,Winfield,44
2016-10-14,William Chrisman,34,Winnetonka,0
2016-10-15,Principia,6,Cleveland NJROTC,32
2016-10-15,De Smet Jesuit,27,Helias Catholic,50
2016-10-15,Central (Kansas City),24,Hogan Prep Academy Charter,42
2016-10-15,University City,6,Jennings,22
2016-10-15,Normandy Collaborative,0,Lutheran North,58
2016-10-15,Hazelwood West,32,McCluer,14
2016-10-15,Hazelwood East,28,McCluer North,20
2016-10-15,Confluence Prep Academy Charter,0,McCluer South-Berkeley,48
2016-10-15,John Burroughs,13,Miller Career Academy,18
2016-10-15,Scott City,33,Perryville,46
2016-10-15,Hazelwood Central,60,Riverview Gardens,8
2016-10-15,Vashon,54,Sumner,0
2016-10-21,Portageville,35,St. Vincent,14
2016-10-21,Crystal City,0,Hayti,68
2016-10-21,Chaffee,26,Scott City,41
2016-10-21,Miller with Everton,14,Ash Grove,47
2016-10-21,Cabool,24,Sarcoxie,31
2016-10-21,Pleasant Hope,8,Thayer,53
2016-10-21,Marionville,0,Pierce City,33
2016-10-21,Concordia,0,Wellington-Napoleon,46
2016-10-21,West Platte,14,Plattsburg,42
2016-10-21,North Platte,16,East Buchanan,48
2016-10-21,Orrick,14,Mid-Buchanan,64
2016-10-21,South Harrison,0,Penney,75
2016-10-21,Putnam County,16,Gallatin,14
2016-10-21,Milan,26,Maysville with Winston,42
2016-10-21,Princeton with Mercer,51,Polo,32
2016-10-21,Rich Hill with Hume,24,Midway,44
2016-10-21,Archie,17,Drexel with Miami (Amoret),36
2016-10-21,Liberal with Bronaugh,28,Lockwood with Golden City,48
2016-10-21,Jasper,13,Adrian,21
2016-10-21,Osceola,0,Lincoln,48
2016-10-21,Tipton,32,Appleton City with Montrose,60
2016-10-21,Lone Jack,0,Skyline,65
2016-10-21,Windsor,12,Crest Ridge,30
2016-10-21,Louisiana,0,Mark Twain,67
2016-10-21,Knox County,18,Scotland County,49
2016-10-21,Paris,14,Monroe City,58
2016-10-21,Schuyler County,6,South Shelby,59
2016-10-21,Harrisburg,8,Marceline,63
2016-10-21,Santa Fe,20,Fayette,60
2016-10-21,Slater,6,Westran,48
2016-10-21,Salisbury,14,Sweet Springs with Malta Bend,21
2016-10-21,Charleston,42,Jefferson (Festus),32
2016-10-21,Kelly,0,Caruthersville,71
2016-10-21,St. Pius X (Festus),15,East Prairie,51
2016-10-21,Herculaneum,20,Cardinal Ritter,51
2016-10-21,Sherwood,0,Summit Christian Academy,75
2016-10-21,O'Hara,42,St. Paul Lutheran (Concordia),21
2016-10-21,Knob Noster,14,Butler,61
2016-10-21,University Academy Charter,35,Holden,69
2016-10-21,Carrollton,0,Lexington,48
2016-10-21,Trenton,28,Lathrop,13
2016-10-21,Lafayette County,12,Lawson,45
2016-10-21,Brookfield,7,Bishop LeBlond,19
2016-10-21,Houston,0,Liberty (Mountain View),55
2016-10-21,Willow Springs,24,Diamond,27
2016-10-21,Cuba,28,Mountain Grove,62
2016-10-21,Strafford,0,Ava,18
2016-10-21,Warsaw,3,Lamar,64
2016-10-21,Versailles,21,Stockton,28
2016-10-21,California,24,Fair Grove,59
2016-10-21,El Dorado Springs,26,Cole Camp,6
2016-10-21,Principia,7,Brentwood,54
2016-10-21,Father Tolton,31,North Callaway,14
2016-10-21,Montgomery County,12,South Callaway,60
2016-10-21,Hallsville,7,Hermann,42
2016-10-21,Highland,6,Macon,51
2016-10-21,Bowling Green,0,Palmyra,56
2016-10-21,Clark County,0,Centralia,44
2016-10-21,Van-Far with Community,9,Clopton with Elsberry,44
2016-10-21,Central (New Madrid County),26,Central (Park Hills),68
2016-10-21,Salem,24,Potosi,34
2016-10-21,Fredericktown,23,Ste. Genevieve,28
2016-10-21,Dexter,0,Kennett,41
2016-10-21,Roosevelt,0,Lutheran South,61
2016-10-21,Boonville,6,Center,54
2016-10-21,Oak Grove,45,Pleasant Hill,22
2016-10-21,Odessa,14,Clinton,21
2016-10-21,Cameron,6,Maryville,70
2016-10-21,Pembroke Hill,18,St. Pius X (Kansas City),38
2016-10-21,Central (Kansas City),6,Richmond,42
2016-10-21,Lincoln College Prep,7,Chillicothe,63
2016-10-21,Buffalo,28,Owensville,69
2016-10-21,Logan-Rogersville,30,Sullivan,46
2016-10-21,St. James,25,Osage,28
2016-10-21,Eldon,32,Springfield Catholic,0
2016-10-21,Aurora,18,Reeds Spring,28
2016-10-21,Hollister,20,Mt. Vernon,44
2016-10-21,Seneca,11,Monett,35
2016-10-21,East Newton,15,Cassville,63
2016-10-21,Normandy Collaborative,12,Lutheran St. Charles,55
2016-10-21,Duchesne,3,Orchard Farm,33
2016-10-21,Jennings,28,St. Charles West,46
2016-10-21,Winfield,28,Fulton,50
2016-10-21,Veritas Christian Academy,28,Mexico,25
2016-10-21,Wright City,0,Southern Boone,49
2016-10-21,Perryville,8,Farmington,44
2016-10-21,Central (Cape Girardeau),54,North County,29
2016-10-21,DeSoto with Kingston,6,Hillsboro,40
2016-10-21,Festus,10,Sikeston,59
2016-10-21,Windsor (Imperial),35,St. Mary's South Side,63
2016-10-21,Clayton,6,Gateway,28
2016-10-21,Marshall,7,Hannibal,63
2016-10-21,Liberty (Wentzville),20,Moberly,28
2016-10-21,Kirksville,20,Warrenton,52
2016-10-21,Savannah,0,Kearney,55
2016-10-21,Excelsior Springs,62,Lafayette (St. Joseph),63
2016-10-21,Winnetonka,14,Platte County,52
2016-10-21,Benton,0,Smithville,17
2016-10-21,University City,0,Parkway North,52
2016-10-21,St. Charles,6,Parkway Central,43
2016-10-21,Ft. Zumwalt East,14,St. Dominic,49
2016-10-21,Priory,3,Parkway West,45
2016-10-21,Pacific,31,Union,49
2016-10-21,Rolla,38,St. Clair,34
2016-10-21,McDonald County,12,Carl Junction,56
2016-10-21,Bolivar,55,Hillcrest,24
2016-10-21,Marshfield,14,Webb City,49
2016-10-21,West Plains,29,Camdenton,28
2016-10-21,Northeast (Kansas City),6,Harrisonville,59
2016-10-21,Nevada,21,Grandview,20
2016-10-21,Van Horn,6,Raytown South,44
2016-10-21,East (Kansas City),0,Grain Valley,54
2016-10-21,Oakville,10,Rockwood Summit,19
2016-10-21,Webster Groves,28,Pattonville,30
2016-10-21,Parkway South,21,Francis Howell North,33
2016-10-21,North Kansas City,28,Truman,25
2016-10-21,Oak Park,6,Liberty North,42
2016-10-21,Holt,14,Washington,21
2016-10-21,Waynesville,6,Branson,15
2016-10-21,Central (Springfield),24,Lebanon,51
2016-10-21,Parkview,14,Willard,43
2016-10-21,Republic,7,Neosho with Neosho Christian,35
2016-10-21,Ruskin,19,Raytown,44
2016-10-21,Hickman,14,Smith-Cotton,45
2016-10-21,Seckman,6,Kirkwood,58
2016-10-21,Northwest (Cedar Hill),6,Fox,17
2016-10-21,Mehlville,21,Lafayette (Wildwood),42
2016-10-21,Lindbergh,0,Eureka,49
2016-10-21,Lee's Summit North,13,Kickapoo,45
2016-10-21,Park Hill,14,Rockhurst,21
2016-10-21,Joplin,7,Lee's Summit West,42
2016-10-21,Raymore-Peculiar,21,Lee's Summit,7
2016-10-21,SLUH,30,Ritenour,13
2016-10-21,De Smet Jesuit,13,Christian Brothers College,52
2016-10-21,Hazelwood West,7,Marquette,42
2016-10-21,Francis Howell Central,8,Blue Springs,49
2016-10-21,Blue Springs South,28,Jefferson City,46
2016-10-21,Rock Bridge,19,Ft. Zumwalt West,42
2016-10-21,Troy Buchanan,13,Francis Howell,49
2016-10-22,Sumner,0,Carnahan,55
2016-10-22,Cleveland NJROTC,6,Lutheran North,68
2016-10-22,Confluence Prep Academy Charter,14,John Burroughs,31
2016-10-22,Lift for Life Academy Charter,12,Vashon,39
2016-10-22,Southeast,12,Hogan Prep Academy Charter,52
2016-10-22,Soldan International Studies,6,McCluer South-Berkeley,44
2016-10-22,Affton,17,MICDS,62
2016-10-22,Warrensburg,12,Helias Catholic,35
2016-10-22,Riverview Gardens,26,McCluer,8
2016-10-22,St. Francis Borgia,24,Westminster Christian Academy,10
2016-10-22,McCluer North,0,Hazelwood Central,35
2016-10-28,Portageville,7,Valle Catholic,46
2016-10-28,Scott City,28,Hayti,56
2016-10-28,Sarcoxie,0,Ash Grove,38
2016-10-28,Pierce City,13,Thayer,40
2016-10-28,Plattsburg,23,Wellington-Napoleon,18
2016-10-28,Mid-Buchanan,7,East Buchanan,34
2016-10-28,Putnam County,0,Penney,52
2016-10-28,Princeton with Mercer,46,Maysville with Winston,22
2016-10-28,Drexel with Miami (Amoret),14,Midway,27
2016-10-28,Adrian,7,Lockwood with Golden City,21
2016-10-28,Appleton City with Montrose,0,Lincoln,42
2016-10-28,Crest Ridge,30,Skyline,57
2016-10-28,Scotland County,41,Mark Twain,43
2016-10-28,South Shelby,22,Monroe City,28
2016-10-28,Fayette,6,Marceline,55
2016-10-28,Sweet Springs with Malta Bend,7,Westran,53
2016-10-28,Charleston,14,Malden,60
2016-10-28,East Prairie,22,Caruthersville,70
2016-10-28,Carnahan,6,Trinity Catholic,41
2016-10-28,O'Hara,14,Summit Christian Academy,48
2016-10-28,Holden,33,Butler,46
2016-10-28,Trenton,13,Lexington,56
2016-10-28,Bishop LeBlond,37,Lawson,67
2016-10-28,Diamond,14,Liberty (Mountain View),65
2016-10-28,Ava,0,Mountain Grove,27
2016-10-28,Stockton,19,Lamar,70
2016-10-28,El Dorado Springs,6,Fair Grove,38
2016-10-28,Father Tolton,18,Brentwood,42
2016-10-28,Hermann,26,South Callaway,20
2016-10-28,Palmyra,21,Macon,28
2016-10-28,Clopton with Elsberry,16,Centralia,46
2016-10-28,Potosi,7,Central (Park Hills),21
2016-10-28,Kennett,14,Ste. Genevieve,41
2016-10-28,Vashon,46,Lutheran South,35
2016-10-28,Oak Grove,8,Center,28
2016-10-28,Clinton,49,Hogan Prep Academy Charter,12
2016-10-28,St. Pius X (Kansas City),7,Maryville,45
2016-10-28,Chillicothe,18,Richmond,21
2016-10-28,Sullivan,0,Owensville,26
2016-10-28,Eldon,39,Osage,36
2016-10-28,Mt. Vernon,26,Reeds Spring,20
2016-10-28,Cassville,21,Monett,35
2016-10-28,St. Charles West,48,Orchard Farm,27
2016-10-28,Fulton,6,Blair Oaks,42
2016-10-28,Southern Boone,56,Veritas Christian Academy,35
2016-10-28,Central (Cape Girardeau),35,Farmington,14
2016-10-28,Sikeston,46,Hillsboro,72
2016-10-28,St. Mary's South Side,20,Ladue Horton Watkins,55
2016-10-28,Moberly,14,Hannibal,49
2016-10-28,Warrenton,28,Helias Catholic,63
2016-10-28,Lafayette (St. Joseph),7,Kearney,59
2016-10-28,Smithville,14,Platte County,39
2016-10-28,Riverview Gardens,6,Parkway North,46
2016-10-28,St. Dominic,7,Parkway Central,27
2016-10-28,St. Francis Borgia,0,Parkway West,40
2016-10-28,Rolla,35,Union,14
2016-10-28,Bolivar,21,Carl Junction,50
2016-10-28,West Plains,6,Webb City,42
2016-10-28,Nevada,0,Harrisonville,40
2016-10-28,Grain Valley,35,Raytown South,14
2016-10-28,Rockwood Summit,35,Jackson,56
2016-10-28,Vianney,56,Poplar Bluff,21
2016-10-28,Pattonville,6,Chaminade College Prep,42
2016-10-28,North Kansas City,21,Park Hill South,45
2016-10-28,William Chrisman,8,Fort Osage,33
2016-10-28,Liberty North,14,Staley,25
2016-10-28,Central (St. Joseph),7,Liberty,34
2016-10-28,Washington,12,Ft. Zumwalt North,63
2016-10-28,Ft. Zumwalt South,9,Timberland,8
2016-10-28,Branson,20,Glendale,56
2016-10-28,Lebanon,13,Ozark,27
2016-10-28,Willard,14,Carthage,28
2016-10-28,Neosho with Neosho Christian,31,Nixa,38
2016-10-28,Raytown,13,Battle,44
2016-10-28,Smith-Cotton,17,Belton,28
2016-10-28,Fox,14,Kirkwood,49
2016-10-28,Eureka,27,Lafayette (Wildwood),14
2016-10-28,Rockhurst,26,Kickapoo,3
2016-10-28,Raymore-Peculiar,13,Lee's Summit West,20
2016-10-28,Marquette,16,Christian Brothers College,34
2016-10-28,Jefferson City,46,Blue Springs,56
2016-10-28,Francis Howell,24,Ft. Zumwalt West,14
2016-10-29,Cardinal Ritter,0,Lutheran North,66
2016-10-29,John Burroughs,6,Miller Career Academy,22
2016-10-29,Lutheran St. Charles,16,McCluer South-Berkeley,60
2016-10-29,Gateway,24,MICDS,27
2016-10-29,Francis Howell North,46,Hazelwood East,52
2016-10-29,SLUH,17,Hazelwood Central,18
2016-11-04,Hayti,24,Valle Catholic,41
2016-11-04,Thayer,6,Ash Grove,0
2016-11-04,East Buchanan,6,Plattsburg,28
2016-11-04,Princeton with Mercer,6,Penney,56
2016-11-04,Lockwood with Golden City,20,Midway,42
2016-11-04,Skyline,28,Lincoln,58
2016-11-04,Monroe City,28,Mark Twain,12
2016-11-04,Westran,15,Marceline,28
2016-11-04,Caruthersville,16,Malden,27
2016-11-04,Lutheran North,24,Trinity Catholic,31
2016-11-04,Butler,20,Summit Christian Academy,41
2016-11-04,Lawson,38,Lexington,35
2016-11-04,Mountain Grove,25,Liberty (Mountain View),26
2016-11-04,Fair Grove,0,Lamar,53
2016-11-04,Hermann,20,Brentwood,39
2016-11-04,Centralia,35,Macon,6
2016-11-04,Ste. Genevieve,14,Central (Park Hills),42
2016-11-04,Clinton,27,Center,63
2016-11-04,Richmond,23,Maryville,35
2016-11-04,Eldon,27,Owensville,47
2016-11-04,Monett,44,Mt. Vernon,28
2016-11-04,Southern Boone,35,Blair Oaks,56
2016-11-04,Hillsboro,24,Central (Cape Girardeau),63
2016-11-04,MICDS,29,Ladue Horton Watkins,37
2016-11-04,Helias Catholic,14,Hannibal,21
2016-11-04,Platte County,41,Kearney,58
2016-11-04,Parkway Central,7,Parkway North,37
2016-11-04,Rolla,7,Parkway West,42
2016-11-04,Webb City,27,Carl Junction,6
2016-11-04,Grain Valley,10,Harrisonville,33
2016-11-04,Vianney,49,Jackson,14
2016-11-04,Fort Osage,6,Park Hill South,37
2016-11-04,Liberty,0,Staley,36
2016-11-04,Ft. Zumwalt South,19,Ft. Zumwalt North,50
2016-11-04,Ozark,44,Glendale,85
2016-11-04,Nixa,7,Carthage,47
2016-11-04,Belton,29,Battle,52
2016-11-04,Eureka,7,Kirkwood,45
2016-11-04,Lee's Summit West,17,Rockhurst,27
2016-11-04,Francis Howell,14,Blue Springs,49
2016-11-05,Vashon,6,Miller Career Academy,15
2016-11-05,St. Charles West,7,McCluer South-Berkeley,12
2016-11-05,Hazelwood East,12,Chaminade College Prep,43
2016-11-05,Christian Brothers College,47,Hazelwood Central,40
2016-11-11,Penney,48,Plattsburg,21
2016-11-11,Trinity Catholic,53,Malden,13
2016-11-11,Blair Oaks,10,McCluer South-Berkeley,34
2016-11-11,Ladue Horton Watkins,31,Central (Cape Girardeau),28
2016-11-11,Parkway West,7,Parkway North,17
2016-11-11,Harrisonville,27,Webb City,21
2016-11-11,Chaminade College Prep,44,Vianney,63
2016-11-11,Staley,42,Park Hill South,21
2016-11-11,Glendale,22,Ft. Zumwalt North,52
2016-11-11,Rockhurst,17,Kirkwood,24
2016-11-11,Blue Springs,35,Christian Brothers College,21
2016-11-12,Thayer,8,Valle Catholic,35
2016-11-12,Lincoln,46,Midway,0
2016-11-12,Marceline,21,Monroe City,30
2016-11-12,Lawson,35,Summit Christian Academy,19
2016-11-12,Lamar,42,Liberty (Mountain View),7
2016-11-12,Centralia,20,Brentwood,27
2016-11-12,Miller Career Academy,34,Central (Park Hills),20
2016-11-12,Maryville,23,Center,15
2016-11-12,Monett,48,Owensville,20
2016-11-12,Kearney,28,Hannibal,21
2016-11-12,Battle,37,Carthage,20
2016-11-18,Staley,31,Vianney,34
2016-11-18,Blue Springs,14,Kirkwood,31
2016-11-19,Penney,33,Valle Catholic,19
2016-11-19,Monroe City,34,Lincoln,28
2016-11-19,Lawson,29,Trinity Catholic,45
2016-11-19,Brentwood,19,Lamar,62
2016-11-19,Maryville,42,Miller Career Academy,6
2016-11-19,McCluer South-Berkeley,0,Monett,42
2016-11-19,Kearney,14,Ladue Horton Watkins,10
2016-11-19,Harrisonville,32,Parkway North,15
2016-11-19,Battle,25,Ft. Zumwalt North,28
2016-11-25,Lamar,26,Trinity Catholic,18
2016-11-25,Harrisonville,21,Kearney,14
2016-11-26,Monroe City,14,Penney,47
2016-11-26,Monett,27,Maryville,18
2016-11-26,Ft. Zumwalt North,14,Vianney,49
